{
    "metrics": {
        "http_req_sending": {
            "avg": 0.18729250000000003,
            "min": 0,
            "med": 0,
            "max": 1.4246,
            "p(90)": 0.5763,
            "p(95)": 0.8914399999999999
        },
        "http_req_failed": {
            "passes": 80,
            "fails": 0,
            "value": 1
        },
        "vus_max": {
            "value": 80,
            "min": 80,
            "max": 80
        },
        "checks": {
            "passes": 0,
            "fails": 960,
            "value": 0
        },
        "http_req_connecting": {
            "med": 12.039200000000001,
            "max": 18.9817,
            "p(90)": 17.5115,
            "p(95)": 17.9809,
            "avg": 11.717207500000004,
            "min": 2.9159
        },
        "http_req_blocked": {
            "avg": 31.461453749999993,
            "min": 7.8022,
            "med": 31.7731,
            "max": 61.7174,
            "p(90)": 46.40999000000001,
            "p(95)": 49.315479999999994
        },
        "http_reqs": {
            "count": 80,
            "rate": 2.571095606283322
        },
        "data_sent": {
            "rate": 2949.04666040697,
            "count": 91760
        },
        "http_req_receiving": {
            "p(95)": 0,
            "avg": 0,
            "min": 0,
            "med": 0,
            "max": 0,
            "p(90)": 0
        },
        "vus": {
            "value": 80,
            "min": 80,
            "max": 80
        },
        "http_req_tls_handshaking": {
            "p(95)": 36.63136,
            "avg": 17.97870374999999,
            "min": 3.8044,
            "med": 15.55265,
            "max": 44.2059,
            "p(90)": 35.2287
        },
        "iteration_duration": {
            "avg": 31070.13932625,
            "min": 31026.6993,
            "med": 31073.9228,
            "max": 31111.987,
            "p(90)": 31095.87063,
            "p(95)": 31100.618730000002
        },
        "data_received": {
            "count": 284160,
            "rate": 9132.531593518359
        },
        "http_req_duration": {
            "p(90)": 30038.0213,
            "p(95)": 30040.2444,
            "avg": 30022.320895,
            "min": 30006.4048,
            "med": 30022.88185,
            "max": 30041.881
        },
        "http_req_waiting": {
            "min": 30006.0499,
            "med": 30022.88185,
            "max": 30041.881,
            "p(90)": 30037.96786,
            "p(95)": 30039.355065,
            "avg": 30022.133602500013
        },
        "iterations": {
            "count": 80,
            "rate": 2.571095606283322
        }
    },
    "root_group": {
        "path": "",
        "id": "d41d8cd98f00b204e9800998ecf8427e",
        "groups": {},
        "checks": {
                "200 OK": {
                    "path": "::200 OK",
                    "id": "e9654c443eff553da9e69eda7007924e",
                    "passes": 0,
                    "fails": 80,
                    "name": "200 OK"
                },
                "201 Created": {
                    "id": "728dcd977aae263ca314731145e1d447",
                    "passes": 0,
                    "fails": 80,
                    "name": "201 Created",
                    "path": "::201 Created"
                },
                "204 No Content": {
                    "name": "204 No Content",
                    "path": "::204 No Content",
                    "id": "54fa3c2eda34e1622fda2da5e0479fc5",
                    "passes": 0,
                    "fails": 80
                },
                "400 Bad Request": {
                    "name": "400 Bad Request",
                    "path": "::400 Bad Request",
                    "id": "eeae81934b9b58bccaf0184a6d070338",
                    "passes": 0,
                    "fails": 80
                },
                "401 Unauthorized": {
                    "name": "401 Unauthorized",
                    "path": "::401 Unauthorized",
                    "id": "6ae9254e6aefe7f0bafe5102fa7e20a5",
                    "passes": 0,
                    "fails": 80
                },
                "403 Forbidden": {
                    "path": "::403 Forbidden",
                    "id": "655548b761742c5a7ad15aa7df3a5d9c",
                    "passes": 0,
                    "fails": 80,
                    "name": "403 Forbidden"
                },
                "404 Not Found": {
                    "fails": 80,
                    "name": "404 Not Found",
                    "path": "::404 Not Found",
                    "id": "df1528f9925ca236bac51008f77b774a",
                    "passes": 0
                },
                "429 Too Many Requests": {
                    "path": "::429 Too Many Requests",
                    "id": "b810c35b9499cc7342fd415032e3a6aa",
                    "passes": 0,
                    "fails": 80,
                    "name": "429 Too Many Requests"
                },
                "500 Internal Server Error": {
                    "path": "::500 Internal Server Error",
                    "id": "3cd96245b24e869810efe46d533b0eef",
                    "passes": 0,
                    "fails": 80,
                    "name": "500 Internal Server Error"
                },
                "502 Bad Gateway": {
                    "fails": 80,
                    "name": "502 Bad Gateway",
                    "path": "::502 Bad Gateway",
                    "id": "712cb0ec189a11f31f0d6d0c0031b569",
                    "passes": 0
                },
                "503 Service Unavailable": {
                    "name": "503 Service Unavailable",
                    "path": "::503 Service Unavailable",
                    "id": "f1ea1a22be0dc738c385523a66ea1cd9",
                    "passes": 0,
                    "fails": 80
                },
                "504 Gateway Timeout": {
                    "name": "504 Gateway Timeout",
                    "path": "::504 Gateway Timeout",
                    "id": "218efb729cb654723ccd57c6ebbebe29",
                    "passes": 0,
                    "fails": 80
                }
            },
        "name": ""
    }
}