{
    "metrics": {
        "http_req_tls_handshaking": {
            "avg": 8.953996000000002,
            "min": 4.02,
            "med": 7.8209,
            "max": 16.561,
            "p(90)": 14.561570000000001,
            "p(95)": 16.109474999999996
        },
        "http_req_duration{expected_response:true}": {
            "avg": 25978.657576000005,
            "min": 23722.4684,
            "med": 26404.06105,
            "max": 27247.3295,
            "p(90)": 26812.10865,
            "p(95)": 26897.153425
        },
        "http_req_blocked": {
            "avg": 15.441936,
            "min": 8.9684,
            "med": 14.6946,
            "max": 25.4529,
            "p(90)": 20.65061,
            "p(95)": 23.958569999999998
        },
        "checks": {
            "passes": 50,
            "fails": 550,
            "value": 0.08333333333333333
        },
        "data_received": {
            "count": 325410,
            "rate": 11513.239142363776
        },
        "http_reqs": {
            "count": 50,
            "rate": 1.7690358535945079
        },
        "http_req_waiting": {
            "min": 23721.4674,
            "med": 26404.06105,
            "max": 27246.5053,
            "p(90)": 26811.98087,
            "p(95)": 26897.153425,
            "avg": 25978.381122000003
        },
        "http_req_failed": {
            "passes": 0,
            "fails": 50,
            "value": 0
        },
        "http_req_connecting": {
            "avg": 4.303917999999999,
            "min": 2.5902,
            "med": 4.423,
            "max": 7.3514,
            "p(90)": 5.8188,
            "p(95)": 6.113435
        },
        "http_req_duration": {
            "avg": 25978.657576000005,
            "min": 23722.4684,
            "med": 26404.06105,
            "max": 27247.3295,
            "p(90)": 26812.10865,
            "p(95)": 26897.153425
        },
        "data_sent": {
            "count": 56150,
            "rate": 1986.6272635866324
        },
        "vus": {
            "max": 50,
            "value": 3,
            "min": 3
        },
        "vus_max": {
            "min": 50,
            "max": 50,
            "value": 50
        },
        "iteration_duration": {
            "med": 27423.423300000002,
            "max": 28263.3962,
            "p(90)": 27832.429930000002,
            "p(95)": 27920.32759,
            "avg": 26994.615998000005,
            "min": 24732.6326
        },
        "http_req_sending": {
            "p(95)": 1.000865,
            "avg": 0.23198399999999997,
            "min": 0,
            "med": 0,
            "max": 1.0022,
            "p(90)": 1.00043
        },
        "http_req_receiving": {
            "p(95)": 0.06596999999999995,
            "avg": 0.04447,
            "min": 0,
            "med": 0,
            "max": 1.2778,
            "p(90)": 0.047110000000000006
        },
        "iterations": {
            "count": 50,
            "rate": 1.7690358535945079
        }
    },
    "root_group": {
        "path": "",
        "id": "d41d8cd98f00b204e9800998ecf8427e",
        "groups": {},
        "checks": {
                "200 OK": {
                    "name": "200 OK",
                    "path": "::200 OK",
                    "id": "e9654c443eff553da9e69eda7007924e",
                    "passes": 50,
                    "fails": 0
                },
                "201 Created": {
                    "name": "201 Created",
                    "path": "::201 Created",
                    "id": "728dcd977aae263ca314731145e1d447",
                    "passes": 0,
                    "fails": 50
                },
                "204 No Content": {
                    "fails": 50,
                    "name": "204 No Content",
                    "path": "::204 No Content",
                    "id": "54fa3c2eda34e1622fda2da5e0479fc5",
                    "passes": 0
                },
                "400 Bad Request": {
                    "fails": 50,
                    "name": "400 Bad Request",
                    "path": "::400 Bad Request",
                    "id": "eeae81934b9b58bccaf0184a6d070338",
                    "passes": 0
                },
                "401 Unauthorized": {
                    "name": "401 Unauthorized",
                    "path": "::401 Unauthorized",
                    "id": "6ae9254e6aefe7f0bafe5102fa7e20a5",
                    "passes": 0,
                    "fails": 50
                },
                "403 Forbidden": {
                    "name": "403 Forbidden",
                    "path": "::403 Forbidden",
                    "id": "655548b761742c5a7ad15aa7df3a5d9c",
                    "passes": 0,
                    "fails": 50
                },
                "404 Not Found": {
                    "path": "::404 Not Found",
                    "id": "df1528f9925ca236bac51008f77b774a",
                    "passes": 0,
                    "fails": 50,
                    "name": "404 Not Found"
                },
                "429 Too Many Requests": {
                    "name": "429 Too Many Requests",
                    "path": "::429 Too Many Requests",
                    "id": "b810c35b9499cc7342fd415032e3a6aa",
                    "passes": 0,
                    "fails": 50
                },
                "500 Internal Server Error": {
                    "id": "3cd96245b24e869810efe46d533b0eef",
                    "passes": 0,
                    "fails": 50,
                    "name": "500 Internal Server Error",
                    "path": "::500 Internal Server Error"
                },
                "502 Bad Gateway": {
                    "fails": 50,
                    "name": "502 Bad Gateway",
                    "path": "::502 Bad Gateway",
                    "id": "712cb0ec189a11f31f0d6d0c0031b569",
                    "passes": 0
                },
                "503 Service Unavailable": {
                    "path": "::503 Service Unavailable",
                    "id": "f1ea1a22be0dc738c385523a66ea1cd9",
                    "passes": 0,
                    "fails": 50,
                    "name": "503 Service Unavailable"
                },
                "504 Gateway Timeout": {
                    "path": "::504 Gateway Timeout",
                    "id": "218efb729cb654723ccd57c6ebbebe29",
                    "passes": 0,
                    "fails": 50,
                    "name": "504 Gateway Timeout"
                }
            },
        "name": ""
    }
}