{
    "metrics": {
        "http_req_waiting": {
            "avg": 26014.680858,
            "min": 23670.24,
            "med": 26462.69495,
            "max": 27065.7638,
            "p(90)": 26810.842660000002,
            "p(95)": 26840.042950000003
        },
        "http_req_tls_handshaking": {
            "min": 4.9958,
            "med": 10.50455,
            "max": 21.0257,
            "p(90)": 17.10141,
            "p(95)": 19.0007,
            "avg": 10.941811999999997
        },
        "data_received": {
            "count": 325300,
            "rate": 11579.38950112523
        },
        "iterations": {
            "count": 50,
            "rate": 1.7798016448086735
        },
        "vus_max": {
            "value": 50,
            "min": 50,
            "max": 50
        },
        "vus": {
            "value": 2,
            "min": 2,
            "max": 50
        },
        "http_req_duration{expected_response:true}": {
            "max": 27065.7972,
            "p(90)": 26810.851550000003,
            "p(95)": 26840.042950000003,
            "avg": 26014.876279999997,
            "min": 23670.24,
            "med": 26463.199399999998
        },
        "http_req_connecting": {
            "avg": 5.659326000000002,
            "min": 2.997,
            "med": 5.99735,
            "max": 8.9984,
            "p(90)": 8.000119999999999,
            "p(95)": 8.548154999999996
        },
        "checks": {
            "passes": 50,
            "fails": 550,
            "value": 0.08333333333333333
        },
        "http_req_receiving": {
            "avg": 0.05556199999999999,
            "min": 0,
            "med": 0,
            "max": 0.8353,
            "p(90)": 0.08972000000000002,
            "p(95)": 0.39373499999999945
        },
        "iteration_duration": {
            "med": 27480.09295,
            "max": 28085.1249,
            "p(90)": 27833.52475,
            "p(95)": 27859.49178,
            "avg": 27036.64864599999,
            "min": 24692.8449
        },
        "http_reqs": {
            "rate": 1.7798016448086735,
            "count": 50
        },
        "data_sent": {
            "count": 56150,
            "rate": 1998.7172471201404
        },
        "http_req_blocked": {
            "avg": 21.028432000000002,
            "min": 8.0028,
            "med": 20.96495,
            "max": 35.0254,
            "p(90)": 29.907860000000003,
            "p(95)": 32.100669999999994
        },
        "http_req_sending": {
            "min": 0,
            "med": 0,
            "max": 1.0089,
            "p(90)": 0.99598,
            "p(95)": 0.997765,
            "avg": 0.13986
        },
        "http_req_failed": {
            "passes": 0,
            "fails": 50,
            "value": 0
        },
        "http_req_duration": {
            "avg": 26014.876279999997,
            "min": 23670.24,
            "med": 26463.199399999998,
            "max": 27065.7972,
            "p(90)": 26810.851550000003,
            "p(95)": 26840.042950000003
        }
    },
    "root_group": {
        "name": "",
        "path": "",
        "id": "d41d8cd98f00b204e9800998ecf8427e",
        "groups": {},
        "checks": {
                "200 OK": {
                    "name": "200 OK",
                    "path": "::200 OK",
                    "id": "e9654c443eff553da9e69eda7007924e",
                    "passes": 50,
                    "fails": 0
                },
                "201 Created": {
                    "name": "201 Created",
                    "path": "::201 Created",
                    "id": "728dcd977aae263ca314731145e1d447",
                    "passes": 0,
                    "fails": 50
                },
                "204 No Content": {
                    "name": "204 No Content",
                    "path": "::204 No Content",
                    "id": "54fa3c2eda34e1622fda2da5e0479fc5",
                    "passes": 0,
                    "fails": 50
                },
                "400 Bad Request": {
                    "name": "400 Bad Request",
                    "path": "::400 Bad Request",
                    "id": "eeae81934b9b58bccaf0184a6d070338",
                    "passes": 0,
                    "fails": 50
                },
                "401 Unauthorized": {
                    "name": "401 Unauthorized",
                    "path": "::401 Unauthorized",
                    "id": "6ae9254e6aefe7f0bafe5102fa7e20a5",
                    "passes": 0,
                    "fails": 50
                },
                "403 Forbidden": {
                    "name": "403 Forbidden",
                    "path": "::403 Forbidden",
                    "id": "655548b761742c5a7ad15aa7df3a5d9c",
                    "passes": 0,
                    "fails": 50
                },
                "404 Not Found": {
                    "id": "df1528f9925ca236bac51008f77b774a",
                    "passes": 0,
                    "fails": 50,
                    "name": "404 Not Found",
                    "path": "::404 Not Found"
                },
                "429 Too Many Requests": {
                    "fails": 50,
                    "name": "429 Too Many Requests",
                    "path": "::429 Too Many Requests",
                    "id": "b810c35b9499cc7342fd415032e3a6aa",
                    "passes": 0
                },
                "500 Internal Server Error": {
                    "passes": 0,
                    "fails": 50,
                    "name": "500 Internal Server Error",
                    "path": "::500 Internal Server Error",
                    "id": "3cd96245b24e869810efe46d533b0eef"
                },
                "502 Bad Gateway": {
                    "name": "502 Bad Gateway",
                    "path": "::502 Bad Gateway",
                    "id": "712cb0ec189a11f31f0d6d0c0031b569",
                    "passes": 0,
                    "fails": 50
                },
                "503 Service Unavailable": {
                    "id": "f1ea1a22be0dc738c385523a66ea1cd9",
                    "passes": 0,
                    "fails": 50,
                    "name": "503 Service Unavailable",
                    "path": "::503 Service Unavailable"
                },
                "504 Gateway Timeout": {
                    "name": "504 Gateway Timeout",
                    "path": "::504 Gateway Timeout",
                    "id": "218efb729cb654723ccd57c6ebbebe29",
                    "passes": 0,
                    "fails": 50
                }
            }
    }
}