{
    "metrics": {
        "vus": {
            "value": 47,
            "min": 47,
            "max": 60
        },
        "http_req_duration{expected_response:true}": {
            "p(90)": 29821.50414,
            "p(95)": 29884.27821,
            "avg": 29039.31015,
            "min": 27661.8624,
            "med": 29113.69485,
            "max": 29996.2008
        },
        "http_req_tls_handshaking": {
            "avg": 12.868063333333335,
            "min": 4.9986,
            "med": 13.998,
            "max": 24.0012,
            "p(90)": 20.201,
            "p(95)": 22.054914999999998
        },
        "data_sent": {
            "count": 68460,
            "rate": 2203.505372782431
        },
        "http_req_waiting": {
            "avg": 29786.216143333342,
            "min": 27661.8624,
            "med": 30010.0496,
            "max": 30023.5978,
            "p(90)": 30019.69311,
            "p(95)": 30021.642165
        },
        "iterations": {
            "count": 60,
            "rate": 1.9312054099758378
        },
        "http_req_blocked": {
            "min": 8.9981,
            "med": 17.9961,
            "max": 28.9982,
            "p(90)": 25.101350000000004,
            "p(95)": 27.054615,
            "avg": 17.100668333333328
        },
        "data_received": {
            "count": 254476,
            "rate": 8190.757131816855
        },
        "http_req_failed": {
            "passes": 46,
            "fails": 14,
            "value": 0.7666666666666667
        },
        "http_reqs": {
            "count": 60,
            "rate": 1.9312054099758378
        },
        "http_req_connecting": {
            "med": 3.0011,
            "max": 3.9982,
            "p(90)": 3.9982,
            "p(95)": 3.9982,
            "avg": 3.2315983333333316,
            "min": 1.9979
        },
        "iteration_duration": {
            "p(95)": 31063.333505,
            "avg": 30812.520938333335,
            "min": 28682.5236,
            "med": 31036.3107,
            "max": 31068.5578,
            "p(90)": 31059.69436
        },
        "vus_max": {
            "value": 60,
            "min": 60,
            "max": 60
        },
        "http_req_sending": {
            "p(95)": 1.0016,
            "avg": 0.1833,
            "min": 0,
            "med": 0,
            "max": 1.0031,
            "p(90)": 0.99962
        },
        "http_req_duration": {
            "avg": 29786.412416666666,
            "min": 27661.8624,
            "med": 30010.2866,
            "max": 30023.5978,
            "p(90)": 30020.69554,
            "p(95)": 30022.5896
        },
        "checks": {
            "passes": 14,
            "fails": 706,
            "value": 0.019444444444444445
        },
        "http_req_receiving": {
            "p(90)": 0,
            "p(95)": 0.03455499999999998,
            "avg": 0.012973333333333333,
            "min": 0,
            "med": 0,
            "max": 0.5082
        }
    },
    "root_group": {
        "path": "",
        "id": "d41d8cd98f00b204e9800998ecf8427e",
        "groups": {},
        "checks": {
                "200 OK": {
                    "name": "200 OK",
                    "path": "::200 OK",
                    "id": "e9654c443eff553da9e69eda7007924e",
                    "passes": 14,
                    "fails": 46
                },
                "201 Created": {
                    "fails": 60,
                    "name": "201 Created",
                    "path": "::201 Created",
                    "id": "728dcd977aae263ca314731145e1d447",
                    "passes": 0
                },
                "204 No Content": {
                    "fails": 60,
                    "name": "204 No Content",
                    "path": "::204 No Content",
                    "id": "54fa3c2eda34e1622fda2da5e0479fc5",
                    "passes": 0
                },
                "400 Bad Request": {
                    "fails": 60,
                    "name": "400 Bad Request",
                    "path": "::400 Bad Request",
                    "id": "eeae81934b9b58bccaf0184a6d070338",
                    "passes": 0
                },
                "401 Unauthorized": {
                    "name": "401 Unauthorized",
                    "path": "::401 Unauthorized",
                    "id": "6ae9254e6aefe7f0bafe5102fa7e20a5",
                    "passes": 0,
                    "fails": 60
                },
                "403 Forbidden": {
                    "passes": 0,
                    "fails": 60,
                    "name": "403 Forbidden",
                    "path": "::403 Forbidden",
                    "id": "655548b761742c5a7ad15aa7df3a5d9c"
                },
                "404 Not Found": {
                    "name": "404 Not Found",
                    "path": "::404 Not Found",
                    "id": "df1528f9925ca236bac51008f77b774a",
                    "passes": 0,
                    "fails": 60
                },
                "429 Too Many Requests": {
                    "passes": 0,
                    "fails": 60,
                    "name": "429 Too Many Requests",
                    "path": "::429 Too Many Requests",
                    "id": "b810c35b9499cc7342fd415032e3a6aa"
                },
                "500 Internal Server Error": {
                    "id": "3cd96245b24e869810efe46d533b0eef",
                    "passes": 0,
                    "fails": 60,
                    "name": "500 Internal Server Error",
                    "path": "::500 Internal Server Error"
                },
                "502 Bad Gateway": {
                    "fails": 60,
                    "name": "502 Bad Gateway",
                    "path": "::502 Bad Gateway",
                    "id": "712cb0ec189a11f31f0d6d0c0031b569",
                    "passes": 0
                },
                "503 Service Unavailable": {
                    "name": "503 Service Unavailable",
                    "path": "::503 Service Unavailable",
                    "id": "f1ea1a22be0dc738c385523a66ea1cd9",
                    "passes": 0,
                    "fails": 60
                },
                "504 Gateway Timeout": {
                    "path": "::504 Gateway Timeout",
                    "id": "218efb729cb654723ccd57c6ebbebe29",
                    "passes": 0,
                    "fails": 60,
                    "name": "504 Gateway Timeout"
                }
            },
        "name": ""
    }
}