{
    "metrics": {
        "http_req_sending": {
            "max": 4.9936,
            "p(90)": 0.999,
            "p(95)": 1.0016,
            "avg": 0.2005152000000001,
            "min": 0,
            "med": 0
        },
        "http_req_failed": {
            "passes": 1000,
            "fails": 0,
            "value": 1
        },
        "http_reqs": {
            "rate": 32.169274309650675,
            "count": 1000
        },
        "http_req_tls_handshaking": {
            "avg": 96.54564120000003,
            "min": 18.2982,
            "med": 72.90684999999999,
            "max": 232.0581,
            "p(90)": 192.9319,
            "p(95)": 212.930795
        },
        "checks": {
            "passes": 1000,
            "fails": 11000,
            "value": 0.08333333333333333
        },
        "data_sent": {
            "rate": 36190.433598357005,
            "count": 1125000
        },
        "data_received": {
            "count": 3923290,
            "rate": 126209.39220630938
        },
        "iteration_duration": {
            "max": 31041.4833,
            "p(90)": 28292.4526,
            "p(95)": 29696.028580000002,
            "avg": 15355.385042900005,
            "min": 1300.8226,
            "med": 15425.2789
        },
        "http_req_blocked": {
            "avg": 149.40744600000008,
            "min": 45.9006,
            "med": 127.9012,
            "max": 278.9559,
            "p(90)": 246.904,
            "p(95)": 262.77842499999997
        },
        "http_req_connecting": {
            "p(90)": 56.9987,
            "p(95)": 57.9986,
            "avg": 50.3570002000002,
            "min": 25.6068,
            "med": 51.0005,
            "max": 65.9969
        },
        "http_req_duration": {
            "avg": 14205.472976500005,
            "min": 186.5578,
            "med": 14299.817149999999,
            "max": 29793.3584,
            "p(90)": 27142.89847,
            "p(95)": 28469.023074999997
        },
        "vus": {
            "value": 39,
            "min": 39,
            "max": 1000
        },
        "http_req_waiting": {
            "p(95)": 28468.66856,
            "avg": 14205.200838299994,
            "min": 186.0955,
            "med": 14299.817149999999,
            "max": 29793.3584,
            "p(90)": 27142.89847
        },
        "http_req_receiving": {
            "min": 0,
            "med": 0,
            "max": 2.8469,
            "p(90)": 0.15861000000000058,
            "p(95)": 0.5913749999999997,
            "avg": 0.07162299999999999
        },
        "iterations": {
            "count": 1000,
            "rate": 32.169274309650675
        },
        "vus_max": {
            "value": 1000,
            "min": 1000,
            "max": 1000
        }
    },
    "root_group": {
        "checks": {
            "200 OK": {
                "passes": 0,
                "fails": 1000,
                "name": "200 OK",
                "path": "::200 OK",
                "id": "e9654c443eff553da9e69eda7007924e"
            },
            "201 Created": {
                "path": "::201 Created",
                "id": "728dcd977aae263ca314731145e1d447",
                "passes": 0,
                "fails": 1000,
                "name": "201 Created"
            },
            "204 No Content": {
                "name": "204 No Content",
                "path": "::204 No Content",
                "id": "54fa3c2eda34e1622fda2da5e0479fc5",
                "passes": 0,
                "fails": 1000
            },
            "400 Bad Request": {
                "path": "::400 Bad Request",
                "id": "eeae81934b9b58bccaf0184a6d070338",
                "passes": 0,
                "fails": 1000,
                "name": "400 Bad Request"
            },
            "401 Unauthorized": {
                "id": "6ae9254e6aefe7f0bafe5102fa7e20a5",
                "passes": 0,
                "fails": 1000,
                "name": "401 Unauthorized",
                "path": "::401 Unauthorized"
            },
            "403 Forbidden": {
                "path": "::403 Forbidden",
                "id": "655548b761742c5a7ad15aa7df3a5d9c",
                "passes": 0,
                "fails": 1000,
                "name": "403 Forbidden"
            },
            "404 Not Found": {
                "fails": 1000,
                "name": "404 Not Found",
                "path": "::404 Not Found",
                "id": "df1528f9925ca236bac51008f77b774a",
                "passes": 0
            },
            "429 Too Many Requests": {
                "name": "429 Too Many Requests",
                "path": "::429 Too Many Requests",
                "id": "b810c35b9499cc7342fd415032e3a6aa",
                "passes": 0,
                "fails": 1000
            },
            "500 Internal Server Error": {
                "name": "500 Internal Server Error",
                "path": "::500 Internal Server Error",
                "id": "3cd96245b24e869810efe46d533b0eef",
                "passes": 1000,
                "fails": 0
            },
            "502 Bad Gateway": {
                "name": "502 Bad Gateway",
                "path": "::502 Bad Gateway",
                "id": "712cb0ec189a11f31f0d6d0c0031b569",
                "passes": 0,
                "fails": 1000
            },
            "503 Service Unavailable": {
                "fails": 1000,
                "name": "503 Service Unavailable",
                "path": "::503 Service Unavailable",
                "id": "f1ea1a22be0dc738c385523a66ea1cd9",
                "passes": 0
            },
            "504 Gateway Timeout": {
                "fails": 1000,
                "name": "504 Gateway Timeout",
                "path": "::504 Gateway Timeout",
                "id": "218efb729cb654723ccd57c6ebbebe29",
                "passes": 0
            }
        },
        "name": "",
        "path": "",
        "id": "d41d8cd98f00b204e9800998ecf8427e",
        "groups": {}
    }
}