{
    "metrics": {
        "checks": {
            "passes": 5423,
            "fails": 66577,
            "value": 0.07531944444444444
        },
        "http_req_duration": {
            "avg": 2866.680765933337,
            "min": 0,
            "med": 3257.6808,
            "max": 5773.1827,
            "p(90)": 4862.7410500000005,
            "p(95)": 5097.740625
        },
        "http_req_sending": {
            "min": 0,
            "med": 0,
            "max": 50.018,
            "p(90)": 1.0002,
            "p(95)": 1.01401,
            "avg": 0.3975191666666661
        },
        "vus_max": {
            "min": 1129,
            "max": 6000,
            "value": 6000
        },
        "http_req_waiting": {
            "avg": 2865.960061700002,
            "min": 0,
            "med": 3257.51905,
            "max": 5772.6328,
            "p(90)": 4862.7410500000005,
            "p(95)": 5097.740625
        },
        "data_received": {
            "count": 32312896,
            "rate": 4214744.403292377
        },
        "http_req_failed": {
            "passes": 577,
            "fails": 5423,
            "value": 0.09616666666666666
        },
        "iterations": {
            "count": 6000,
            "rate": 782.6121935884131
        },
        "vus": {
            "value": 1679,
            "min": 0,
            "max": 6000
        },
        "http_req_duration{expected_response:true}": {
            "med": 3368.3035,
            "max": 5773.1827,
            "p(90)": 4897.78474,
            "p(95)": 5126.31256,
            "avg": 3171.6917933984923,
            "min": 214.6549
        },
        "data_sent": {
            "count": 6052068,
            "rate": 789403.7022043733
        },
        "iteration_duration": {
            "p(90)": 7237.91371,
            "p(95)": 7367.782290000001,
            "avg": 5168.342319849993,
            "min": 1339.0956,
            "med": 5556.72985,
            "max": 7641.7969
        },
        "http_req_blocked": {
            "p(95)": 1594.67361,
            "avg": 1122.5611294500009,
            "min": 0,
            "med": 1150.94765,
            "max": 1707.0052,
            "p(90)": 1559.1729
        },
        "http_req_tls_handshaking": {
            "avg": 748.743827116668,
            "min": 0,
            "med": 719.3232,
            "max": 1131.0164,
            "p(90)": 1077.9014000000002,
            "p(95)": 1085.239275
        },
        "http_req_receiving": {
            "avg": 0.3231850666666669,
            "min": 0,
            "med": 0,
            "max": 50.9967,
            "p(90)": 0.7107100000000012,
            "p(95)": 1.0068
        },
        "http_reqs": {
            "count": 6000,
            "rate": 782.6121935884131
        },
        "http_req_connecting": {
            "avg": 406.35151723333433,
            "min": 144.9969,
            "med": 400.0202,
            "max": 557.1875,
            "p(90)": 521.4701,
            "p(95)": 529.588055
        }
    },
    "root_group": {
        "path": "",
        "id": "d41d8cd98f00b204e9800998ecf8427e",
        "groups": {},
        "checks": {
                "200 OK": {
                    "passes": 5423,
                    "fails": 577,
                    "name": "200 OK",
                    "path": "::200 OK",
                    "id": "e9654c443eff553da9e69eda7007924e"
                },
                "201 Created": {
                    "name": "201 Created",
                    "path": "::201 Created",
                    "id": "728dcd977aae263ca314731145e1d447",
                    "passes": 0,
                    "fails": 6000
                },
                "204 No Content": {
                    "passes": 0,
                    "fails": 6000,
                    "name": "204 No Content",
                    "path": "::204 No Content",
                    "id": "54fa3c2eda34e1622fda2da5e0479fc5"
                },
                "400 Bad Request": {
                    "fails": 6000,
                    "name": "400 Bad Request",
                    "path": "::400 Bad Request",
                    "id": "eeae81934b9b58bccaf0184a6d070338",
                    "passes": 0
                },
                "401 Unauthorized": {
                    "path": "::401 Unauthorized",
                    "id": "6ae9254e6aefe7f0bafe5102fa7e20a5",
                    "passes": 0,
                    "fails": 6000,
                    "name": "401 Unauthorized"
                },
                "403 Forbidden": {
                    "path": "::403 Forbidden",
                    "id": "655548b761742c5a7ad15aa7df3a5d9c",
                    "passes": 0,
                    "fails": 6000,
                    "name": "403 Forbidden"
                },
                "404 Not Found": {
                    "name": "404 Not Found",
                    "path": "::404 Not Found",
                    "id": "df1528f9925ca236bac51008f77b774a",
                    "passes": 0,
                    "fails": 6000
                },
                "429 Too Many Requests": {
                    "name": "429 Too Many Requests",
                    "path": "::429 Too Many Requests",
                    "id": "b810c35b9499cc7342fd415032e3a6aa",
                    "passes": 0,
                    "fails": 6000
                },
                "500 Internal Server Error": {
                    "name": "500 Internal Server Error",
                    "path": "::500 Internal Server Error",
                    "id": "3cd96245b24e869810efe46d533b0eef",
                    "passes": 0,
                    "fails": 6000
                },
                "502 Bad Gateway": {
                    "id": "712cb0ec189a11f31f0d6d0c0031b569",
                    "passes": 0,
                    "fails": 6000,
                    "name": "502 Bad Gateway",
                    "path": "::502 Bad Gateway"
                },
                "503 Service Unavailable": {
                    "name": "503 Service Unavailable",
                    "path": "::503 Service Unavailable",
                    "id": "f1ea1a22be0dc738c385523a66ea1cd9",
                    "passes": 0,
                    "fails": 6000
                },
                "504 Gateway Timeout": {
                    "path": "::504 Gateway Timeout",
                    "id": "218efb729cb654723ccd57c6ebbebe29",
                    "passes": 0,
                    "fails": 6000,
                    "name": "504 Gateway Timeout"
                }
            },
        "name": ""
    }
}