{
    "metrics": {
        "http_req_failed": {
            "passes": 0,
            "fails": 2700,
            "value": 0
        },
        "http_req_receiving": {
            "p(95)": 2.0191,
            "avg": 0.4664272962962948,
            "min": 0,
            "med": 0,
            "max": 10.1019,
            "p(90)": 1.6069
        },
        "http_req_duration": {
            "avg": 486.59165451851806,
            "min": 12.0069,
            "med": 532.63325,
            "max": 1161.6067,
            "p(90)": 798.02105,
            "p(95)": 827.9402849999998
        },
        "http_req_tls_handshaking": {
            "avg": 265.89493351851894,
            "min": 64.3689,
            "med": 213.36565000000002,
            "max": 650.3352,
            "p(90)": 538.5048899999999,
            "p(95)": 594.49842
        },
        "iterations": {
            "count": 2700,
            "rate": 1096.69668054692
        },
        "vus": {
            "value": 2173,
            "min": 0,
            "max": 2700
        },
        "http_reqs": {
            "count": 2700,
            "rate": 1096.69668054692
        },
        "data_sent": {
            "count": 3115800,
            "rate": 1265587.969351146
        },
        "http_req_blocked": {
            "min": 189.3654,
            "med": 366.3644,
            "max": 798.3766,
            "p(90)": 677.5047099999999,
            "p(95)": 733.278195,
            "avg": 412.41282577777713
        },
        "data_received": {
            "count": 11893500,
            "rate": 4830948.877809183
        },
        "http_req_sending": {
            "avg": 0.23517655555555553,
            "min": 0,
            "med": 0,
            "max": 9.9997,
            "p(90)": 0.9996,
            "p(95)": 1.0014
        },
        "http_req_duration{expected_response:true}": {
            "avg": 486.59165451851806,
            "min": 12.0069,
            "med": 532.63325,
            "max": 1161.6067,
            "p(90)": 798.02105,
            "p(95)": 827.9402849999998
        },
        "http_req_waiting": {
            "max": 1161.6067,
            "p(90)": 797.6245499999999,
            "p(95)": 827.2989199999997,
            "avg": 485.8900506666676,
            "min": 12.0069,
            "med": 532.10175
        },
        "iteration_duration": {
            "p(90)": 2266.03447,
            "p(95)": 2320.9192,
            "avg": 1899.6646460000009,
            "min": 1220.8225,
            "med": 2102.35765,
            "max": 2452.4045
        },
        "vus_max": {
            "value": 2700,
            "min": 1179,
            "max": 2700
        },
        "checks": {
            "passes": 2700,
            "fails": 29700,
            "value": 0.08333333333333333
        },
        "http_req_connecting": {
            "med": 145.998,
            "max": 162.9968,
            "p(90)": 156.9981,
            "p(95)": 157.995905,
            "avg": 145.95321685185178,
            "min": 34.5589
        }
    },
    "root_group": {
        "name": "",
        "path": "",
        "id": "d41d8cd98f00b204e9800998ecf8427e",
        "groups": {},
        "checks": {
                "200 OK": {
                    "name": "200 OK",
                    "path": "::200 OK",
                    "id": "e9654c443eff553da9e69eda7007924e",
                    "passes": 2700,
                    "fails": 0
                },
                "201 Created": {
                    "path": "::201 Created",
                    "id": "728dcd977aae263ca314731145e1d447",
                    "passes": 0,
                    "fails": 2700,
                    "name": "201 Created"
                },
                "204 No Content": {
                    "fails": 2700,
                    "name": "204 No Content",
                    "path": "::204 No Content",
                    "id": "54fa3c2eda34e1622fda2da5e0479fc5",
                    "passes": 0
                },
                "400 Bad Request": {
                    "path": "::400 Bad Request",
                    "id": "eeae81934b9b58bccaf0184a6d070338",
                    "passes": 0,
                    "fails": 2700,
                    "name": "400 Bad Request"
                },
                "401 Unauthorized": {
                    "name": "401 Unauthorized",
                    "path": "::401 Unauthorized",
                    "id": "6ae9254e6aefe7f0bafe5102fa7e20a5",
                    "passes": 0,
                    "fails": 2700
                },
                "403 Forbidden": {
                    "name": "403 Forbidden",
                    "path": "::403 Forbidden",
                    "id": "655548b761742c5a7ad15aa7df3a5d9c",
                    "passes": 0,
                    "fails": 2700
                },
                "404 Not Found": {
                    "name": "404 Not Found",
                    "path": "::404 Not Found",
                    "id": "df1528f9925ca236bac51008f77b774a",
                    "passes": 0,
                    "fails": 2700
                },
                "429 Too Many Requests": {
                    "name": "429 Too Many Requests",
                    "path": "::429 Too Many Requests",
                    "id": "b810c35b9499cc7342fd415032e3a6aa",
                    "passes": 0,
                    "fails": 2700
                },
                "500 Internal Server Error": {
                    "name": "500 Internal Server Error",
                    "path": "::500 Internal Server Error",
                    "id": "3cd96245b24e869810efe46d533b0eef",
                    "passes": 0,
                    "fails": 2700
                },
                "502 Bad Gateway": {
                    "name": "502 Bad Gateway",
                    "path": "::502 Bad Gateway",
                    "id": "712cb0ec189a11f31f0d6d0c0031b569",
                    "passes": 0,
                    "fails": 2700
                },
                "503 Service Unavailable": {
                    "fails": 2700,
                    "name": "503 Service Unavailable",
                    "path": "::503 Service Unavailable",
                    "id": "f1ea1a22be0dc738c385523a66ea1cd9",
                    "passes": 0
                },
                "504 Gateway Timeout": {
                    "name": "504 Gateway Timeout",
                    "path": "::504 Gateway Timeout",
                    "id": "218efb729cb654723ccd57c6ebbebe29",
                    "passes": 0,
                    "fails": 2700
                }
            }
    }
}