{
    "metrics": {
        "http_req_waiting": {
            "p(90)": 4648.9423,
            "p(95)": 4899.751364999999,
            "avg": 2800.0921896025607,
            "min": 14.9972,
            "med": 3291.58245,
            "max": 5977.068
        },
        "http_req_sending": {
            "avg": 0.2572426282051284,
            "min": 0,
            "med": 0,
            "max": 15.6551,
            "p(90)": 0.9999,
            "p(95)": 1.0021
        },
        "data_sent": {
            "count": 8954400,
            "rate": 1071718.0111042212
        },
        "http_reqs": {
            "count": 7800,
            "rate": 933.5522744810289
        },
        "iterations": {
            "count": 7800,
            "rate": 933.5522744810289
        },
        "http_req_blocked": {
            "avg": 1542.639976551286,
            "min": 527.3236,
            "med": 1275.3939,
            "max": 3040.699,
            "p(90)": 2668.798,
            "p(95)": 2850.7055649999998
        },
        "http_req_failed": {
            "fails": 7800,
            "passes": 0,
            "value": 0
        },
        "iteration_duration": {
            "avg": 5344.358725730743,
            "min": 1730.8524,
            "med": 6101.4075,
            "max": 8016.2682,
            "p(90)": 7416.02059,
            "p(95)": 7543.344599999999
        },
        "data_received": {
            "count": 29937632,
            "rate": 3583121.0828430816
        },
        "vus": {
            "min": 0,
            "max": 7800,
            "value": 1
        },
        "vus_max": {
            "min": 871,
            "max": 7800,
            "value": 7800
        },
        "http_req_duration": {
            "p(90)": 4648.9423,
            "p(95)": 4899.785469999999,
            "avg": 2800.5382696794823,
            "min": 16.7244,
            "med": 3291.7794,
            "max": 5977.068
        },
        "http_req_tls_handshaking": {
            "p(90)": 2230.897,
            "p(95)": 2410.857844999999,
            "avg": 1114.5831149743562,
            "min": 268.6754,
            "med": 845.1933,
            "max": 2594.7991
        },
        "checks": {
            "fails": 85800,
            "passes": 7800,
            "value": 0.08333333333333333
        },
        "http_req_duration{expected_response:true}": {
            "max": 5977.068,
            "p(90)": 4648.9423,
            "p(95)": 4899.785469999999,
            "avg": 2800.5382696794823,
            "min": 16.7244,
            "med": 3291.7794
        },
        "http_req_receiving": {
            "avg": 0.188837448717949,
            "min": 0,
            "med": 0,
            "max": 16.1963,
            "p(90)": 0.5579400000000001,
            "p(95)": 1.0009
        },
        "http_req_connecting": {
            "avg": 427.1341168589786,
            "min": 91.2233,
            "med": 428.0988,
            "max": 451.4702,
            "p(90)": 440.1412,
            "p(95)": 444.1395
        }
    },
    "root_group": {
        "id": "d41d8cd98f00b204e9800998ecf8427e",
        "groups": {},
        "checks": {
                "200 OK": {
                    "name": "200 OK",
                    "path": "::200 OK",
                    "id": "e9654c443eff553da9e69eda7007924e",
                    "passes": 7800,
                    "fails": 0
                },
                "201 Created": {
                    "name": "201 Created",
                    "path": "::201 Created",
                    "id": "728dcd977aae263ca314731145e1d447",
                    "passes": 0,
                    "fails": 7800
                },
                "204 No Content": {
                    "name": "204 No Content",
                    "path": "::204 No Content",
                    "id": "54fa3c2eda34e1622fda2da5e0479fc5",
                    "passes": 0,
                    "fails": 7800
                },
                "400 Bad Request": {
                    "name": "400 Bad Request",
                    "path": "::400 Bad Request",
                    "id": "eeae81934b9b58bccaf0184a6d070338",
                    "passes": 0,
                    "fails": 7800
                },
                "401 Unauthorized": {
                    "fails": 7800,
                    "name": "401 Unauthorized",
                    "path": "::401 Unauthorized",
                    "id": "6ae9254e6aefe7f0bafe5102fa7e20a5",
                    "passes": 0
                },
                "403 Forbidden": {
                    "id": "655548b761742c5a7ad15aa7df3a5d9c",
                    "passes": 0,
                    "fails": 7800,
                    "name": "403 Forbidden",
                    "path": "::403 Forbidden"
                },
                "404 Not Found": {
                    "name": "404 Not Found",
                    "path": "::404 Not Found",
                    "id": "df1528f9925ca236bac51008f77b774a",
                    "passes": 0,
                    "fails": 7800
                },
                "429 Too Many Requests": {
                    "name": "429 Too Many Requests",
                    "path": "::429 Too Many Requests",
                    "id": "b810c35b9499cc7342fd415032e3a6aa",
                    "passes": 0,
                    "fails": 7800
                },
                "500 Internal Server Error": {
                    "name": "500 Internal Server Error",
                    "path": "::500 Internal Server Error",
                    "id": "3cd96245b24e869810efe46d533b0eef",
                    "passes": 0,
                    "fails": 7800
                },
                "502 Bad Gateway": {
                    "fails": 7800,
                    "name": "502 Bad Gateway",
                    "path": "::502 Bad Gateway",
                    "id": "712cb0ec189a11f31f0d6d0c0031b569",
                    "passes": 0
                },
                "503 Service Unavailable": {
                    "passes": 0,
                    "fails": 7800,
                    "name": "503 Service Unavailable",
                    "path": "::503 Service Unavailable",
                    "id": "f1ea1a22be0dc738c385523a66ea1cd9"
                },
                "504 Gateway Timeout": {
                    "passes": 0,
                    "fails": 7800,
                    "name": "504 Gateway Timeout",
                    "path": "::504 Gateway Timeout",
                    "id": "218efb729cb654723ccd57c6ebbebe29"
                }
            },
        "name": "",
        "path": ""
    }
}