{
    "metrics": {
        "http_req_duration": {
            "avg": 1314.0873507222245,
            "min": 71.8595,
            "med": 1607.2732,
            "max": 2932.6546,
            "p(90)": 2383.21455,
            "p(95)": 2524.559595
        },
        "http_req_connecting": {
            "avg": 456.10140703704053,
            "min": 150.2714,
            "med": 465.3658,
            "max": 499.3578,
            "p(90)": 487.3077,
            "p(95)": 491.9607
        },
        "vus": {
            "value": 160,
            "min": 0,
            "max": 5400
        },
        "vus_max": {
            "value": 5400,
            "min": 857,
            "max": 5400
        },
        "http_req_tls_handshaking": {
            "avg": 622.0302927407429,
            "min": 242.4371,
            "med": 525.6757,
            "max": 1251.2188,
            "p(90)": 1057.51502,
            "p(95)": 1152.2475
        },
        "data_sent": {
            "count": 6058800,
            "rate": 1220447.9048645266
        },
        "http_reqs": {
            "count": 5400,
            "rate": 1087.743230717047
        },
        "http_req_blocked": {
            "med": 1015.9831,
            "max": 1732.9906,
            "p(90)": 1529.03838,
            "p(95)": 1631.1531300000001,
            "avg": 1079.1181624444444,
            "min": 620.662
        },
        "http_req_sending": {
            "avg": 0.2404932037037036,
            "min": 0,
            "med": 0,
            "max": 25.8874,
            "p(90)": 0.99821,
            "p(95)": 1.0007
        },
        "http_req_duration{expected_response:true}": {
            "p(95)": 2524.559595,
            "avg": 1314.0873507222245,
            "min": 71.8595,
            "med": 1607.2732,
            "max": 2932.6546,
            "p(90)": 2383.21455
        },
        "checks": {
            "passes": 5400,
            "fails": 59400,
            "value": 0.08333333333333333
        },
        "iterations": {
            "count": 5400,
            "rate": 1087.743230717047
        },
        "data_received": {
            "count": 30294506,
            "rate": 6102341.44989203
        },
        "iteration_duration": {
            "min": 1822.1793,
            "med": 3731.8054,
            "max": 4908.2205,
            "p(90)": 4526.67178,
            "p(95)": 4617.267585,
            "avg": 3393.8196984629662
        },
        "http_req_failed": {
            "passes": 0,
            "fails": 5400,
            "value": 0
        },
        "http_req_waiting": {
            "avg": 1313.3756043888898,
            "min": 69.861,
            "med": 1606.9365,
            "max": 2932.1153,
            "p(90)": 2382.52692,
            "p(95)": 2524.5539500000004
        },
        "http_req_receiving": {
            "min": 0,
            "med": 0,
            "max": 27.0185,
            "p(90)": 1.0014,
            "p(95)": 1.999505,
            "avg": 0.4712531296296281
        }
    },
    "root_group": {
        "name": "",
        "path": "",
        "id": "d41d8cd98f00b204e9800998ecf8427e",
        "groups": {},
        "checks": {
                "200 OK": {
                    "name": "200 OK",
                    "path": "::200 OK",
                    "id": "e9654c443eff553da9e69eda7007924e",
                    "passes": 5400,
                    "fails": 0
                },
                "201 Created": {
                    "path": "::201 Created",
                    "id": "728dcd977aae263ca314731145e1d447",
                    "passes": 0,
                    "fails": 5400,
                    "name": "201 Created"
                },
                "204 No Content": {
                    "passes": 0,
                    "fails": 5400,
                    "name": "204 No Content",
                    "path": "::204 No Content",
                    "id": "54fa3c2eda34e1622fda2da5e0479fc5"
                },
                "400 Bad Request": {
                    "name": "400 Bad Request",
                    "path": "::400 Bad Request",
                    "id": "eeae81934b9b58bccaf0184a6d070338",
                    "passes": 0,
                    "fails": 5400
                },
                "401 Unauthorized": {
                    "fails": 5400,
                    "name": "401 Unauthorized",
                    "path": "::401 Unauthorized",
                    "id": "6ae9254e6aefe7f0bafe5102fa7e20a5",
                    "passes": 0
                },
                "403 Forbidden": {
                    "name": "403 Forbidden",
                    "path": "::403 Forbidden",
                    "id": "655548b761742c5a7ad15aa7df3a5d9c",
                    "passes": 0,
                    "fails": 5400
                },
                "404 Not Found": {
                    "fails": 5400,
                    "name": "404 Not Found",
                    "path": "::404 Not Found",
                    "id": "df1528f9925ca236bac51008f77b774a",
                    "passes": 0
                },
                "429 Too Many Requests": {
                    "name": "429 Too Many Requests",
                    "path": "::429 Too Many Requests",
                    "id": "b810c35b9499cc7342fd415032e3a6aa",
                    "passes": 0,
                    "fails": 5400
                },
                "500 Internal Server Error": {
                    "name": "500 Internal Server Error",
                    "path": "::500 Internal Server Error",
                    "id": "3cd96245b24e869810efe46d533b0eef",
                    "passes": 0,
                    "fails": 5400
                },
                "502 Bad Gateway": {
                    "fails": 5400,
                    "name": "502 Bad Gateway",
                    "path": "::502 Bad Gateway",
                    "id": "712cb0ec189a11f31f0d6d0c0031b569",
                    "passes": 0
                },
                "503 Service Unavailable": {
                    "name": "503 Service Unavailable",
                    "path": "::503 Service Unavailable",
                    "id": "f1ea1a22be0dc738c385523a66ea1cd9",
                    "passes": 0,
                    "fails": 5400
                },
                "504 Gateway Timeout": {
                    "name": "504 Gateway Timeout",
                    "path": "::504 Gateway Timeout",
                    "id": "218efb729cb654723ccd57c6ebbebe29",
                    "passes": 0,
                    "fails": 5400
                }
            }
    }
}