{
    "metrics": {
        "iterations": {
            "count": 7800,
            "rate": 1131.7154252232092
        },
        "http_req_tls_handshaking": {
            "max": 2402.9138,
            "p(90)": 1997.9483300000004,
            "p(95)": 2246.6586,
            "avg": 856.3597228461566,
            "min": 187.001,
            "med": 544.575
        },
        "http_req_receiving": {
            "avg": 0.1991525512820516,
            "min": 0,
            "med": 0,
            "max": 25.2412,
            "p(90)": 0.5464300000000001,
            "p(95)": 1.0032050000000001
        },
        "data_sent": {
            "count": 8954400,
            "rate": 1299209.3081562442
        },
        "checks": {
            "passes": 7800,
            "fails": 85800,
            "value": 0.08333333333333333
        },
        "http_req_connecting": {
            "p(95)": 488.3416,
            "avg": 437.49528064102464,
            "min": 143.3538,
            "med": 450.9857,
            "max": 499.4037,
            "p(90)": 486.3422
        },
        "vus": {
            "value": 589,
            "min": 0,
            "max": 7800
        },
        "http_req_waiting": {
            "max": 5025.5547,
            "p(90)": 4161.88324,
            "p(95)": 4416.153975,
            "avg": 2325.8972113846144,
            "min": 17.9977,
            "med": 2361.5565500000002
        },
        "vus_max": {
            "value": 7800,
            "min": 713,
            "max": 7800
        },
        "http_req_blocked": {
            "avg": 1295.2336381153827,
            "min": 528.2869,
            "med": 1003.8288,
            "max": 2791.546,
            "p(90)": 2434.4490600000004,
            "p(95)": 2663.2355599999996
        },
        "http_req_sending": {
            "avg": 0.2313810512820512,
            "min": 0,
            "med": 0,
            "max": 21.652,
            "p(90)": 0.9994,
            "p(95)": 1.0013050000000001
        },
        "http_req_duration": {
            "avg": 2326.327744987182,
            "min": 17.9977,
            "med": 2361.5565500000002,
            "max": 5026.558,
            "p(90)": 4162.70489,
            "p(95)": 4417.085215
        },
        "http_reqs": {
            "count": 7800,
            "rate": 1131.7154252232092
        },
        "http_req_failed": {
            "passes": 0,
            "fails": 7800,
            "value": 0
        },
        "data_received": {
            "count": 29937082,
            "rate": 4343622.754560523
        },
        "http_req_duration{expected_response:true}": {
            "avg": 2326.327744987182,
            "min": 17.9977,
            "med": 2361.5565500000002,
            "max": 5026.558,
            "p(90)": 4162.70489,
            "p(95)": 4417.085215
        },
        "iteration_duration": {
            "avg": 4622.338225051278,
            "min": 1624.1702,
            "med": 5053.9755000000005,
            "max": 6874.4833,
            "p(90)": 6503.08471,
            "p(95)": 6643.537965
        }
    },
    "root_group": {
        "name": "",
        "path": "",
        "id": "d41d8cd98f00b204e9800998ecf8427e",
        "groups": {},
        "checks": {
                "200 OK": {
                    "fails": 0,
                    "name": "200 OK",
                    "path": "::200 OK",
                    "id": "e9654c443eff553da9e69eda7007924e",
                    "passes": 7800
                },
                "201 Created": {
                    "id": "728dcd977aae263ca314731145e1d447",
                    "passes": 0,
                    "fails": 7800,
                    "name": "201 Created",
                    "path": "::201 Created"
                },
                "204 No Content": {
                    "name": "204 No Content",
                    "path": "::204 No Content",
                    "id": "54fa3c2eda34e1622fda2da5e0479fc5",
                    "passes": 0,
                    "fails": 7800
                },
                "400 Bad Request": {
                    "id": "eeae81934b9b58bccaf0184a6d070338",
                    "passes": 0,
                    "fails": 7800,
                    "name": "400 Bad Request",
                    "path": "::400 Bad Request"
                },
                "401 Unauthorized": {
                    "name": "401 Unauthorized",
                    "path": "::401 Unauthorized",
                    "id": "6ae9254e6aefe7f0bafe5102fa7e20a5",
                    "passes": 0,
                    "fails": 7800
                },
                "403 Forbidden": {
                    "passes": 0,
                    "fails": 7800,
                    "name": "403 Forbidden",
                    "path": "::403 Forbidden",
                    "id": "655548b761742c5a7ad15aa7df3a5d9c"
                },
                "404 Not Found": {
                    "name": "404 Not Found",
                    "path": "::404 Not Found",
                    "id": "df1528f9925ca236bac51008f77b774a",
                    "passes": 0,
                    "fails": 7800
                },
                "429 Too Many Requests": {
                    "name": "429 Too Many Requests",
                    "path": "::429 Too Many Requests",
                    "id": "b810c35b9499cc7342fd415032e3a6aa",
                    "passes": 0,
                    "fails": 7800
                },
                "500 Internal Server Error": {
                    "name": "500 Internal Server Error",
                    "path": "::500 Internal Server Error",
                    "id": "3cd96245b24e869810efe46d533b0eef",
                    "passes": 0,
                    "fails": 7800
                },
                "502 Bad Gateway": {
                    "name": "502 Bad Gateway",
                    "path": "::502 Bad Gateway",
                    "id": "712cb0ec189a11f31f0d6d0c0031b569",
                    "passes": 0,
                    "fails": 7800
                },
                "503 Service Unavailable": {
                    "name": "503 Service Unavailable",
                    "path": "::503 Service Unavailable",
                    "id": "f1ea1a22be0dc738c385523a66ea1cd9",
                    "passes": 0,
                    "fails": 7800
                },
                "504 Gateway Timeout": {
                    "path": "::504 Gateway Timeout",
                    "id": "218efb729cb654723ccd57c6ebbebe29",
                    "passes": 0,
                    "fails": 7800,
                    "name": "504 Gateway Timeout"
                }
            }
    }
}