{
    "metrics": {
        "http_req_tls_handshaking": {
            "avg": 19090.612805749992,
            "min": 216.8439,
            "med": 11974.7491,
            "max": 37195.3221,
            "p(90)": 37127.72884,
            "p(95)": 37157.7331
        },
        "http_req_failed": {
            "passes": 3500,
            "fails": 2500,
            "value": 0.5833333333333334
        },
        "iteration_duration": {
            "med": 62691.9536,
            "max": 66147.6808,
            "p(90)": 65451.57459,
            "p(95)": 65593.539055,
            "avg": 49625.11326763327,
            "min": 1929.3156
        },
        "http_req_sending": {
            "avg": 0.5381536166666665,
            "min": 0,
            "med": 0,
            "max": 39.1485,
            "p(90)": 1.0021,
            "p(95)": 1.1128
        },
        "http_req_receiving": {
            "p(90)": 2.0003,
            "p(95)": 3.0028,
            "avg": 0.7065592166666707,
            "min": 0,
            "med": 0,
            "max": 17.9974
        },
        "http_reqs": {
            "count": 6000,
            "rate": 90.48014660570539
        },
        "http_req_blocked": {
            "p(90)": 37531.103559999996,
            "p(95)": 37557.06316,
            "avg": 19523.993716133326,
            "min": 551.1275,
            "med": 12436.690750000002,
            "max": 37633.1008
        },
        "http_req_connecting": {
            "avg": 432.3813538833336,
            "min": 284.7368,
            "med": 443.3603,
            "max": 503.5063,
            "p(90)": 487.8397,
            "p(95)": 494.8398
        },
        "http_req_waiting": {
            "avg": 27372.123319083443,
            "min": 181.8667,
            "med": 22581.31065,
            "max": 59465.0988,
            "p(90)": 37228.872,
            "p(95)": 47650.823455
        },
        "http_req_duration": {
            "avg": 27373.368031916732,
            "min": 184.821,
            "med": 22581.807350000003,
            "max": 59465.0988,
            "p(90)": 37229.8702,
            "p(95)": 47651.952435
        },
        "http_req_duration{expected_response:true}": {
            "min": 184.821,
            "med": 36861.4911,
            "max": 37290.7301,
            "p(90)": 37125.16423,
            "p(95)": 37159.95793,
            "avg": 27676.595382639996
        },
        "vus": {
            "min": 0,
            "max": 6000,
            "value": 194
        },
        "data_sent": {
            "count": 23736350,
            "rate": 357944.7379807225
        },
        "iterations": {
            "count": 6000,
            "rate": 90.48014660570539
        },
        "vus_max": {
            "value": 6000,
            "min": 646,
            "max": 6000
        },
        "data_received": {
            "count": 21671831,
            "rate": 326811.74101567845
        },
        "checks": {
            "passes": 2500,
            "fails": 69500,
            "value": 0.034722222222222224
        }
    },
    "root_group": {
        "groups": {},
        "checks": {
                "200 OK": {
                    "path": "::200 OK",
                    "id": "e9654c443eff553da9e69eda7007924e",
                    "passes": 2500,
                    "fails": 3500,
                    "name": "200 OK"
                },
                "201 Created": {
                    "passes": 0,
                    "fails": 6000,
                    "name": "201 Created",
                    "path": "::201 Created",
                    "id": "728dcd977aae263ca314731145e1d447"
                },
                "204 No Content": {
                    "name": "204 No Content",
                    "path": "::204 No Content",
                    "id": "54fa3c2eda34e1622fda2da5e0479fc5",
                    "passes": 0,
                    "fails": 6000
                },
                "400 Bad Request": {
                    "name": "400 Bad Request",
                    "path": "::400 Bad Request",
                    "id": "eeae81934b9b58bccaf0184a6d070338",
                    "passes": 0,
                    "fails": 6000
                },
                "401 Unauthorized": {
                    "path": "::401 Unauthorized",
                    "id": "6ae9254e6aefe7f0bafe5102fa7e20a5",
                    "passes": 0,
                    "fails": 6000,
                    "name": "401 Unauthorized"
                },
                "403 Forbidden": {
                    "path": "::403 Forbidden",
                    "id": "655548b761742c5a7ad15aa7df3a5d9c",
                    "passes": 0,
                    "fails": 6000,
                    "name": "403 Forbidden"
                },
                "404 Not Found": {
                    "name": "404 Not Found",
                    "path": "::404 Not Found",
                    "id": "df1528f9925ca236bac51008f77b774a",
                    "passes": 0,
                    "fails": 6000
                },
                "429 Too Many Requests": {
                    "fails": 6000,
                    "name": "429 Too Many Requests",
                    "path": "::429 Too Many Requests",
                    "id": "b810c35b9499cc7342fd415032e3a6aa",
                    "passes": 0
                },
                "500 Internal Server Error": {
                    "id": "3cd96245b24e869810efe46d533b0eef",
                    "passes": 0,
                    "fails": 6000,
                    "name": "500 Internal Server Error",
                    "path": "::500 Internal Server Error"
                },
                "502 Bad Gateway": {
                    "path": "::502 Bad Gateway",
                    "id": "712cb0ec189a11f31f0d6d0c0031b569",
                    "passes": 0,
                    "fails": 6000,
                    "name": "502 Bad Gateway"
                },
                "503 Service Unavailable": {
                    "name": "503 Service Unavailable",
                    "path": "::503 Service Unavailable",
                    "id": "f1ea1a22be0dc738c385523a66ea1cd9",
                    "passes": 0,
                    "fails": 6000
                },
                "504 Gateway Timeout": {
                    "passes": 0,
                    "fails": 6000,
                    "name": "504 Gateway Timeout",
                    "path": "::504 Gateway Timeout",
                    "id": "218efb729cb654723ccd57c6ebbebe29"
                }
            },
        "name": "",
        "path": "",
        "id": "d41d8cd98f00b204e9800998ecf8427e"
    }
}