{
    "metrics": {
        "http_req_duration": {
            "avg": 1080.5431184054044,
            "min": 94.9961,
            "med": 1171.36865,
            "max": 2404.7605,
            "p(90)": 1963.8041899999998,
            "p(95)": 2083.58574
        },
        "data_received": {
            "rate": 6438263.281695421,
            "count": 25596622
        },
        "vus_max": {
            "value": 3700,
            "min": 796,
            "max": 3700
        },
        "http_reqs": {
            "count": 3700,
            "rate": 930.6530425097911
        },
        "http_req_blocked": {
            "med": 595.27685,
            "max": 1292.744,
            "p(90)": 1101.25192,
            "p(95)": 1186.818945,
            "avg": 691.414069594595,
            "min": 306.8819
        },
        "http_req_failed": {
            "passes": 0,
            "fails": 3700,
            "value": 0
        },
        "data_sent": {
            "count": 4029300,
            "rate": 1013481.1632931626
        },
        "http_req_tls_handshaking": {
            "p(90)": 858.5846,
            "p(95)": 946.2987,
            "avg": 439.57076635135206,
            "min": 173.8533,
            "med": 336.4024,
            "max": 1021.3619
        },
        "vus": {
            "value": 1499,
            "min": 0,
            "max": 3700
        },
        "http_req_waiting": {
            "min": 92.9973,
            "med": 1171.2004,
            "max": 2404.214,
            "p(90)": 1962.69141,
            "p(95)": 2083.258805,
            "avg": 1079.7009556756757
        },
        "http_req_duration{expected_response:true}": {
            "avg": 1080.5431184054044,
            "min": 94.9961,
            "med": 1171.36865,
            "max": 2404.7605,
            "p(90)": 1963.8041899999998,
            "p(95)": 2083.58574
        },
        "http_req_sending": {
            "avg": 0.2775407297297293,
            "min": 0,
            "med": 0,
            "max": 32.0015,
            "p(90)": 1,
            "p(95)": 1.0017
        },
        "http_req_receiving": {
            "p(95)": 2.717729999999967,
            "avg": 0.5646219999999974,
            "min": 0,
            "med": 0,
            "max": 33.9985,
            "p(90)": 1.9285999999999974
        },
        "iteration_duration": {
            "p(90)": 3688.44695,
            "p(95)": 3745.3394350000003,
            "avg": 2773.017053189183,
            "min": 1509.998,
            "med": 2967.3451999999997,
            "max": 3923.1469
        },
        "http_req_connecting": {
            "avg": 250.8798935675677,
            "min": 34.0001,
            "med": 253.6609,
            "max": 284.8903,
            "p(90)": 275.884,
            "p(95)": 276.8853
        },
        "checks": {
            "passes": 3700,
            "fails": 40700,
            "value": 0.08333333333333333
        },
        "iterations": {
            "count": 3700,
            "rate": 930.6530425097911
        }
    },
    "root_group": {
        "name": "",
        "path": "",
        "id": "d41d8cd98f00b204e9800998ecf8427e",
        "groups": {},
        "checks": {
                "200 OK": {
                    "id": "e9654c443eff553da9e69eda7007924e",
                    "passes": 3700,
                    "fails": 0,
                    "name": "200 OK",
                    "path": "::200 OK"
                },
                "201 Created": {
                    "name": "201 Created",
                    "path": "::201 Created",
                    "id": "728dcd977aae263ca314731145e1d447",
                    "passes": 0,
                    "fails": 3700
                },
                "204 No Content": {
                    "fails": 3700,
                    "name": "204 No Content",
                    "path": "::204 No Content",
                    "id": "54fa3c2eda34e1622fda2da5e0479fc5",
                    "passes": 0
                },
                "400 Bad Request": {
                    "name": "400 Bad Request",
                    "path": "::400 Bad Request",
                    "id": "eeae81934b9b58bccaf0184a6d070338",
                    "passes": 0,
                    "fails": 3700
                },
                "401 Unauthorized": {
                    "id": "6ae9254e6aefe7f0bafe5102fa7e20a5",
                    "passes": 0,
                    "fails": 3700,
                    "name": "401 Unauthorized",
                    "path": "::401 Unauthorized"
                },
                "403 Forbidden": {
                    "name": "403 Forbidden",
                    "path": "::403 Forbidden",
                    "id": "655548b761742c5a7ad15aa7df3a5d9c",
                    "passes": 0,
                    "fails": 3700
                },
                "404 Not Found": {
                    "fails": 3700,
                    "name": "404 Not Found",
                    "path": "::404 Not Found",
                    "id": "df1528f9925ca236bac51008f77b774a",
                    "passes": 0
                },
                "429 Too Many Requests": {
                    "name": "429 Too Many Requests",
                    "path": "::429 Too Many Requests",
                    "id": "b810c35b9499cc7342fd415032e3a6aa",
                    "passes": 0,
                    "fails": 3700
                },
                "500 Internal Server Error": {
                    "path": "::500 Internal Server Error",
                    "id": "3cd96245b24e869810efe46d533b0eef",
                    "passes": 0,
                    "fails": 3700,
                    "name": "500 Internal Server Error"
                },
                "502 Bad Gateway": {
                    "name": "502 Bad Gateway",
                    "path": "::502 Bad Gateway",
                    "id": "712cb0ec189a11f31f0d6d0c0031b569",
                    "passes": 0,
                    "fails": 3700
                },
                "503 Service Unavailable": {
                    "id": "f1ea1a22be0dc738c385523a66ea1cd9",
                    "passes": 0,
                    "fails": 3700,
                    "name": "503 Service Unavailable",
                    "path": "::503 Service Unavailable"
                },
                "504 Gateway Timeout": {
                    "fails": 3700,
                    "name": "504 Gateway Timeout",
                    "path": "::504 Gateway Timeout",
                    "id": "218efb729cb654723ccd57c6ebbebe29",
                    "passes": 0
                }
            }
    }
}