{
    "metrics": {
        "data_received": {
            "count": 80664466,
            "rate": 9528450.725907024
        },
        "http_req_blocked": {
            "avg": 2260.208502250022,
            "min": 662.6349,
            "med": 2212.0581,
            "max": 3418.7273,
            "p(90)": 2945.3412,
            "p(95)": 2954.2181
        },
        "vus_max": {
            "min": 924,
            "max": 10000,
            "value": 10000
        },
        "http_req_receiving": {
            "max": 23.0009,
            "p(90)": 2.0004,
            "p(95)": 3.0021,
            "avg": 0.6786886200000031,
            "min": 0,
            "med": 0
        },
        "checks": {
            "passes": 10000,
            "fails": 110000,
            "value": 0.08333333333333333
        },
        "vus": {
            "max": 10000,
            "value": 1443,
            "min": 0
        },
        "data_sent": {
            "count": 11970000,
            "rate": 1413950.415156868
        },
        "http_reqs": {
            "count": 10000,
            "rate": 1181.2451254443342
        },
        "http_req_waiting": {
            "max": 6029.4318,
            "p(90)": 3923.05475,
            "p(95)": 4327.0418,
            "avg": 2385.4740837099953,
            "min": 373.8506,
            "med": 2251.5125
        },
        "iteration_duration": {
            "max": 8353.7663,
            "p(90)": 7574.5229899999995,
            "p(95)": 7813.38812,
            "avg": 5647.313038479988,
            "min": 2788.2716,
            "med": 5529.857
        },
        "http_req_duration": {
            "avg": 2386.4580026899926,
            "min": 374.8605,
            "med": 2252.1752,
            "max": 6029.4318,
            "p(90)": 3923.11505,
            "p(95)": 4327.067709999999
        },
        "http_req_sending": {
            "p(95)": 1.0016,
            "avg": 0.3052303600000006,
            "min": 0,
            "med": 0,
            "max": 20.9996,
            "p(90)": 1.0003
        },
        "http_req_failed": {
            "passes": 0,
            "fails": 10000,
            "value": 0
        },
        "http_req_connecting": {
            "avg": 793.4945355999934,
            "min": 26.5323,
            "med": 787.5919,
            "max": 3207.4596,
            "p(90)": 1058.2405,
            "p(95)": 1088.944005
        },
        "http_req_tls_handshaking": {
            "med": 1470.1221,
            "max": 2027.1759,
            "p(90)": 1889.0049,
            "p(95)": 1947.5612,
            "avg": 1465.6809064499896,
            "min": 210.2678
        },
        "iterations": {
            "count": 10000,
            "rate": 1181.2451254443342
        },
        "http_req_duration{expected_response:true}": {
            "avg": 2386.4580026899926,
            "min": 374.8605,
            "med": 2252.1752,
            "max": 6029.4318,
            "p(90)": 3923.11505,
            "p(95)": 4327.067709999999
        }
    },
    "root_group": {
        "id": "d41d8cd98f00b204e9800998ecf8427e",
        "groups": {},
        "checks": {
                "200 OK": {
                    "name": "200 OK",
                    "path": "::200 OK",
                    "id": "e9654c443eff553da9e69eda7007924e",
                    "passes": 10000,
                    "fails": 0
                },
                "201 Created": {
                    "fails": 10000,
                    "name": "201 Created",
                    "path": "::201 Created",
                    "id": "728dcd977aae263ca314731145e1d447",
                    "passes": 0
                },
                "204 No Content": {
                    "passes": 0,
                    "fails": 10000,
                    "name": "204 No Content",
                    "path": "::204 No Content",
                    "id": "54fa3c2eda34e1622fda2da5e0479fc5"
                },
                "400 Bad Request": {
                    "fails": 10000,
                    "name": "400 Bad Request",
                    "path": "::400 Bad Request",
                    "id": "eeae81934b9b58bccaf0184a6d070338",
                    "passes": 0
                },
                "401 Unauthorized": {
                    "path": "::401 Unauthorized",
                    "id": "6ae9254e6aefe7f0bafe5102fa7e20a5",
                    "passes": 0,
                    "fails": 10000,
                    "name": "401 Unauthorized"
                },
                "403 Forbidden": {
                    "name": "403 Forbidden",
                    "path": "::403 Forbidden",
                    "id": "655548b761742c5a7ad15aa7df3a5d9c",
                    "passes": 0,
                    "fails": 10000
                },
                "404 Not Found": {
                    "fails": 10000,
                    "name": "404 Not Found",
                    "path": "::404 Not Found",
                    "id": "df1528f9925ca236bac51008f77b774a",
                    "passes": 0
                },
                "429 Too Many Requests": {
                    "name": "429 Too Many Requests",
                    "path": "::429 Too Many Requests",
                    "id": "b810c35b9499cc7342fd415032e3a6aa",
                    "passes": 0,
                    "fails": 10000
                },
                "500 Internal Server Error": {
                    "passes": 0,
                    "fails": 10000,
                    "name": "500 Internal Server Error",
                    "path": "::500 Internal Server Error",
                    "id": "3cd96245b24e869810efe46d533b0eef"
                },
                "502 Bad Gateway": {
                    "path": "::502 Bad Gateway",
                    "id": "712cb0ec189a11f31f0d6d0c0031b569",
                    "passes": 0,
                    "fails": 10000,
                    "name": "502 Bad Gateway"
                },
                "503 Service Unavailable": {
                    "name": "503 Service Unavailable",
                    "path": "::503 Service Unavailable",
                    "id": "f1ea1a22be0dc738c385523a66ea1cd9",
                    "passes": 0,
                    "fails": 10000
                },
                "504 Gateway Timeout": {
                    "id": "218efb729cb654723ccd57c6ebbebe29",
                    "passes": 0,
                    "fails": 10000,
                    "name": "504 Gateway Timeout",
                    "path": "::504 Gateway Timeout"
                }
            },
        "name": "",
        "path": ""
    }
}