{
    "metrics": {
        "http_req_duration{expected_response:true}": {
            "avg": 12757.04634080006,
            "min": 274.3978,
            "med": 13607.9646,
            "max": 25460.6047,
            "p(90)": 20765.75272,
            "p(95)": 23944.272925
        },
        "data_sent": {
            "count": 10440000,
            "rate": 366916.9423297136
        },
        "checks": {
            "passes": 4000,
            "fails": 44000,
            "value": 0.08333333333333333
        },
        "http_reqs": {
            "count": 4000,
            "rate": 140.5812039577447
        },
        "http_req_duration": {
            "avg": 12757.04634080006,
            "min": 274.3978,
            "med": 13607.9646,
            "max": 25460.6047,
            "p(90)": 20765.75272,
            "p(95)": 23944.272925
        },
        "http_req_tls_handshaking": {
            "max": 13913.2068,
            "p(90)": 4692.4324,
            "p(95)": 13893.518925,
            "avg": 1828.3338231500036,
            "min": 8.0005,
            "med": 676.8116
        },
        "http_req_failed": {
            "fails": 4000,
            "passes": 0,
            "value": 0
        },
        "http_req_blocked": {
            "max": 14603.3843,
            "p(90)": 5343.7844000000005,
            "p(95)": 14529.303795,
            "avg": 2453.348844899999,
            "min": 631.4587,
            "med": 1294.3944
        },
        "iterations": {
            "count": 4000,
            "rate": 140.5812039577447
        },
        "vus": {
            "value": 36,
            "min": 0,
            "max": 4000
        },
        "data_received": {
            "count": 15049826,
            "rate": 528930.6646086422
        },
        "http_req_connecting": {
            "p(95)": 715.4887699999998,
            "avg": 623.7948314250008,
            "min": 60.1139,
            "med": 640.5959,
            "max": 766.0855,
            "p(90)": 712.0827
        },
        "http_req_sending": {
            "min": 0,
            "med": 0,
            "max": 35.0019,
            "p(90)": 1.0007,
            "p(95)": 1.0033,
            "avg": 0.3694825999999998
        },
        "vus_max": {
            "value": 4000,
            "min": 750,
            "max": 4000
        },
        "http_req_waiting": {
            "max": 25460.6047,
            "p(90)": 20764.85191,
            "p(95)": 23942.933055,
            "avg": 12755.628273050046,
            "min": 273.399,
            "med": 13607.580150000002
        },
        "iteration_duration": {
            "max": 28175.256,
            "p(90)": 26308.8422,
            "p(95)": 27015.634345,
            "avg": 16248.055868100022,
            "min": 2025.956,
            "med": 16060.7217
        },
        "http_req_receiving": {
            "avg": 1.0485851500000016,
            "min": 0,
            "med": 0,
            "max": 40.9989,
            "p(90)": 2.00278,
            "p(95)": 4.767349999999934
        }
    },
    "root_group": {
        "groups": {},
        "checks": {
                "200 OK": {
                    "name": "200 OK",
                    "path": "::200 OK",
                    "id": "e9654c443eff553da9e69eda7007924e",
                    "passes": 4000,
                    "fails": 0
                },
                "201 Created": {
                    "name": "201 Created",
                    "path": "::201 Created",
                    "id": "728dcd977aae263ca314731145e1d447",
                    "passes": 0,
                    "fails": 4000
                },
                "204 No Content": {
                    "name": "204 No Content",
                    "path": "::204 No Content",
                    "id": "54fa3c2eda34e1622fda2da5e0479fc5",
                    "passes": 0,
                    "fails": 4000
                },
                "400 Bad Request": {
                    "name": "400 Bad Request",
                    "path": "::400 Bad Request",
                    "id": "eeae81934b9b58bccaf0184a6d070338",
                    "passes": 0,
                    "fails": 4000
                },
                "401 Unauthorized": {
                    "fails": 4000,
                    "name": "401 Unauthorized",
                    "path": "::401 Unauthorized",
                    "id": "6ae9254e6aefe7f0bafe5102fa7e20a5",
                    "passes": 0
                },
                "403 Forbidden": {
                    "name": "403 Forbidden",
                    "path": "::403 Forbidden",
                    "id": "655548b761742c5a7ad15aa7df3a5d9c",
                    "passes": 0,
                    "fails": 4000
                },
                "404 Not Found": {
                    "name": "404 Not Found",
                    "path": "::404 Not Found",
                    "id": "df1528f9925ca236bac51008f77b774a",
                    "passes": 0,
                    "fails": 4000
                },
                "429 Too Many Requests": {
                    "name": "429 Too Many Requests",
                    "path": "::429 Too Many Requests",
                    "id": "b810c35b9499cc7342fd415032e3a6aa",
                    "passes": 0,
                    "fails": 4000
                },
                "500 Internal Server Error": {
                    "path": "::500 Internal Server Error",
                    "id": "3cd96245b24e869810efe46d533b0eef",
                    "passes": 0,
                    "fails": 4000,
                    "name": "500 Internal Server Error"
                },
                "502 Bad Gateway": {
                    "name": "502 Bad Gateway",
                    "path": "::502 Bad Gateway",
                    "id": "712cb0ec189a11f31f0d6d0c0031b569",
                    "passes": 0,
                    "fails": 4000
                },
                "503 Service Unavailable": {
                    "name": "503 Service Unavailable",
                    "path": "::503 Service Unavailable",
                    "id": "f1ea1a22be0dc738c385523a66ea1cd9",
                    "passes": 0,
                    "fails": 4000
                },
                "504 Gateway Timeout": {
                    "id": "218efb729cb654723ccd57c6ebbebe29",
                    "passes": 0,
                    "fails": 4000,
                    "name": "504 Gateway Timeout",
                    "path": "::504 Gateway Timeout"
                }
            },
        "name": "",
        "path": "",
        "id": "d41d8cd98f00b204e9800998ecf8427e"
    }
}