{
    "metrics": {
        "http_req_duration{expected_response:true}": {
            "avg": 15517.119177777771,
            "min": 2772.8387,
            "med": 14698.248,
            "max": 31773.9394,
            "p(90)": 26234.87605,
            "p(95)": 26239.997715
        },
        "http_reqs": {
            "count": 700,
            "rate": 16.14719275275605
        },
        "http_req_duration": {
            "avg": 13566.395623999993,
            "min": 0,
            "med": 14690.2491,
            "max": 31773.9394,
            "p(90)": 26232.43748,
            "p(95)": 26239.21734
        },
        "http_req_sending": {
            "med": 0,
            "max": 6.0001,
            "p(90)": 1.00186,
            "p(95)": 1.3424,
            "avg": 0.37668785714285724,
            "min": 0
        },
        "checks": {
            "passes": 612,
            "fails": 7788,
            "value": 0.07285714285714286
        },
        "http_req_connecting": {
            "avg": 21.40670928571428,
            "min": 1.9949,
            "med": 17.0012,
            "max": 120.7588,
            "p(90)": 43.09607000000002,
            "p(95)": 58.04992499999995
        },
        "http_req_waiting": {
            "max": 31773.9394,
            "p(90)": 26230.917989999998,
            "p(95)": 26238.1823,
            "avg": 13565.319839857146,
            "min": 0,
            "med": 14689.011
        },
        "http_req_receiving": {
            "avg": 0.6990962857142862,
            "min": 0,
            "med": 0.5131,
            "max": 7.7232,
            "p(90)": 1.9896,
            "p(95)": 2.039759999999995
        },
        "http_req_failed": {
            "passes": 88,
            "fails": 612,
            "value": 0.12571428571428572
        },
        "data_sent": {
            "count": 2432952,
            "rate": 56121.92128886191
        },
        "iteration_duration": {
            "min": 1007.7236,
            "med": 21672.36215,
            "max": 43197.2325,
            "p(90)": 41429.29249,
            "p(95)": 42585.594820000006,
            "avg": 24781.800935428586
        },
        "iterations": {
            "count": 700,
            "rate": 16.14719275275605
        },
        "http_req_blocked": {
            "max": 37754.1475,
            "p(90)": 33338.79049,
            "p(95)": 37643.236,
            "avg": 10207.186638857136,
            "min": 0,
            "med": 5940.052750000001
        },
        "vus_max": {
            "value": 700,
            "min": 700,
            "max": 700
        },
        "http_req_tls_handshaking": {
            "min": 0,
            "med": 5910.4171,
            "max": 37651.8181,
            "p(90)": 33334.73253,
            "p(95)": 37640.163154999995,
            "avg": 10183.365976571426
        },
        "data_received": {
            "count": 2420548,
            "rate": 55835.79303328307
        },
        "vus": {
            "value": 11,
            "min": 11,
            "max": 700
        }
    },
    "root_group": {
        "id": "d41d8cd98f00b204e9800998ecf8427e",
        "groups": {},
        "checks": {
                "200 OK": {
                    "name": "200 OK",
                    "path": "::200 OK",
                    "id": "e9654c443eff553da9e69eda7007924e",
                    "passes": 612,
                    "fails": 88
                },
                "201 Created": {
                    "name": "201 Created",
                    "path": "::201 Created",
                    "id": "728dcd977aae263ca314731145e1d447",
                    "passes": 0,
                    "fails": 700
                },
                "204 No Content": {
                    "id": "54fa3c2eda34e1622fda2da5e0479fc5",
                    "passes": 0,
                    "fails": 700,
                    "name": "204 No Content",
                    "path": "::204 No Content"
                },
                "400 Bad Request": {
                    "path": "::400 Bad Request",
                    "id": "eeae81934b9b58bccaf0184a6d070338",
                    "passes": 0,
                    "fails": 700,
                    "name": "400 Bad Request"
                },
                "401 Unauthorized": {
                    "fails": 700,
                    "name": "401 Unauthorized",
                    "path": "::401 Unauthorized",
                    "id": "6ae9254e6aefe7f0bafe5102fa7e20a5",
                    "passes": 0
                },
                "403 Forbidden": {
                    "name": "403 Forbidden",
                    "path": "::403 Forbidden",
                    "id": "655548b761742c5a7ad15aa7df3a5d9c",
                    "passes": 0,
                    "fails": 700
                },
                "404 Not Found": {
                    "path": "::404 Not Found",
                    "id": "df1528f9925ca236bac51008f77b774a",
                    "passes": 0,
                    "fails": 700,
                    "name": "404 Not Found"
                },
                "429 Too Many Requests": {
                    "fails": 700,
                    "name": "429 Too Many Requests",
                    "path": "::429 Too Many Requests",
                    "id": "b810c35b9499cc7342fd415032e3a6aa",
                    "passes": 0
                },
                "500 Internal Server Error": {
                    "fails": 700,
                    "name": "500 Internal Server Error",
                    "path": "::500 Internal Server Error",
                    "id": "3cd96245b24e869810efe46d533b0eef",
                    "passes": 0
                },
                "502 Bad Gateway": {
                    "name": "502 Bad Gateway",
                    "path": "::502 Bad Gateway",
                    "id": "712cb0ec189a11f31f0d6d0c0031b569",
                    "passes": 0,
                    "fails": 700
                },
                "503 Service Unavailable": {
                    "path": "::503 Service Unavailable",
                    "id": "f1ea1a22be0dc738c385523a66ea1cd9",
                    "passes": 0,
                    "fails": 700,
                    "name": "503 Service Unavailable"
                },
                "504 Gateway Timeout": {
                    "id": "218efb729cb654723ccd57c6ebbebe29",
                    "passes": 0,
                    "fails": 700,
                    "name": "504 Gateway Timeout",
                    "path": "::504 Gateway Timeout"
                }
            },
        "name": "",
        "path": ""
    }
}