{
    "metrics": {
        "http_req_failed": {
            "passes": 147,
            "fails": 1653,
            "value": 0.08166666666666667
        },
        "vus": {
            "value": 4,
            "min": 0,
            "max": 1800
        },
        "vus_max": {
            "max": 1800,
            "value": 1800,
            "min": 899
        },
        "iterations": {
            "count": 1800,
            "rate": 440.3777139224656
        },
        "http_req_receiving": {
            "p(90)": 0.38310000000000066,
            "p(95)": 0.6911,
            "avg": 0.10467033333333331,
            "min": 0,
            "med": 0,
            "max": 15.4112
        },
        "http_req_connecting": {
            "max": 237.0594,
            "p(90)": 147.9397,
            "p(95)": 150.9498,
            "avg": 115.32286072222215,
            "min": 46.8388,
            "med": 115.6181
        },
        "data_received": {
            "count": 6797729,
            "rate": 1663093.5316024714
        },
        "http_req_duration": {
            "avg": 1317.432527888889,
            "min": 68.5858,
            "med": 1293.66985,
            "max": 2828.9943,
            "p(90)": 2329.73905,
            "p(95)": 2502.028645
        },
        "iteration_duration": {
            "min": 1197.8066,
            "med": 2657.7311,
            "max": 4053.3958,
            "p(90)": 3744.48659,
            "p(95)": 3873.23939,
            "avg": 2663.429178666664
        },
        "http_req_duration{expected_response:true}": {
            "avg": 1343.1146141560798,
            "min": 68.5858,
            "med": 1378.947,
            "max": 2828.9943,
            "p(90)": 2344.6601,
            "p(95)": 2525.58046
        },
        "http_req_blocked": {
            "min": 69.2002,
            "med": 280.26054999999997,
            "max": 791.1494,
            "p(90)": 591.9033200000001,
            "p(95)": 637.81624,
            "avg": 345.18571011111123
        },
        "http_req_sending": {
            "max": 8.3264,
            "p(90)": 0.9993,
            "p(95)": 1.0009,
            "avg": 0.22992911111111106,
            "min": 0,
            "med": 0
        },
        "http_req_waiting": {
            "avg": 1317.0979284444454,
            "min": 64.879,
            "med": 1292.90765,
            "max": 2827.9916,
            "p(90)": 2329.73905,
            "p(95)": 2502.028645
        },
        "http_reqs": {
            "count": 1800,
            "rate": 440.3777139224656
        },
        "data_sent": {
            "rate": 524489.8572816566,
            "count": 2143800
        },
        "checks": {
            "passes": 1800,
            "fails": 19800,
            "value": 0.08333333333333333
        },
        "http_req_tls_handshaking": {
            "avg": 228.97900538888885,
            "min": 21.3614,
            "med": 160.9418,
            "max": 581.8111,
            "p(90)": 494.12877,
            "p(95)": 538.5207449999999
        }
    },
    "root_group": {
        "name": "",
        "path": "",
        "id": "d41d8cd98f00b204e9800998ecf8427e",
        "groups": {},
        "checks": {
                "200 OK": {
                    "name": "200 OK",
                    "path": "::200 OK",
                    "id": "e9654c443eff553da9e69eda7007924e",
                    "passes": 1653,
                    "fails": 147
                },
                "201 Created": {
                    "passes": 0,
                    "fails": 1800,
                    "name": "201 Created",
                    "path": "::201 Created",
                    "id": "728dcd977aae263ca314731145e1d447"
                },
                "204 No Content": {
                    "id": "54fa3c2eda34e1622fda2da5e0479fc5",
                    "passes": 0,
                    "fails": 1800,
                    "name": "204 No Content",
                    "path": "::204 No Content"
                },
                "400 Bad Request": {
                    "name": "400 Bad Request",
                    "path": "::400 Bad Request",
                    "id": "eeae81934b9b58bccaf0184a6d070338",
                    "passes": 0,
                    "fails": 1800
                },
                "401 Unauthorized": {
                    "name": "401 Unauthorized",
                    "path": "::401 Unauthorized",
                    "id": "6ae9254e6aefe7f0bafe5102fa7e20a5",
                    "passes": 0,
                    "fails": 1800
                },
                "403 Forbidden": {
                    "fails": 1800,
                    "name": "403 Forbidden",
                    "path": "::403 Forbidden",
                    "id": "655548b761742c5a7ad15aa7df3a5d9c",
                    "passes": 0
                },
                "404 Not Found": {
                    "id": "df1528f9925ca236bac51008f77b774a",
                    "passes": 0,
                    "fails": 1800,
                    "name": "404 Not Found",
                    "path": "::404 Not Found"
                },
                "429 Too Many Requests": {
                    "fails": 1800,
                    "name": "429 Too Many Requests",
                    "path": "::429 Too Many Requests",
                    "id": "b810c35b9499cc7342fd415032e3a6aa",
                    "passes": 0
                },
                "500 Internal Server Error": {
                    "id": "3cd96245b24e869810efe46d533b0eef",
                    "passes": 147,
                    "fails": 1653,
                    "name": "500 Internal Server Error",
                    "path": "::500 Internal Server Error"
                },
                "502 Bad Gateway": {
                    "path": "::502 Bad Gateway",
                    "id": "712cb0ec189a11f31f0d6d0c0031b569",
                    "passes": 0,
                    "fails": 1800,
                    "name": "502 Bad Gateway"
                },
                "503 Service Unavailable": {
                    "passes": 0,
                    "fails": 1800,
                    "name": "503 Service Unavailable",
                    "path": "::503 Service Unavailable",
                    "id": "f1ea1a22be0dc738c385523a66ea1cd9"
                },
                "504 Gateway Timeout": {
                    "name": "504 Gateway Timeout",
                    "path": "::504 Gateway Timeout",
                    "id": "218efb729cb654723ccd57c6ebbebe29",
                    "passes": 0,
                    "fails": 1800
                }
            }
    }
}