{
    "metrics": {
        "checks": {
            "passes": 3000,
            "fails": 33000,
            "value": 0.08333333333333333
        },
        "vus_max": {
            "value": 3000,
            "min": 882,
            "max": 3000
        },
        "http_req_sending": {
            "p(90)": 1.001,
            "p(95)": 1.003405,
            "avg": 0.36230580000000046,
            "min": 0,
            "med": 0,
            "max": 28.0654
        },
        "iterations": {
            "count": 3000,
            "rate": 701.7472289639338
        },
        "http_req_duration": {
            "min": 83.9997,
            "med": 1152.0991,
            "max": 2863.6269,
            "p(90)": 2272.0611499999995,
            "p(95)": 2469.308615,
            "avg": 1268.1374636000007
        },
        "http_req_duration{expected_response:true}": {
            "max": 2863.6269,
            "p(90)": 2449.58259,
            "p(95)": 2569.736915,
            "avg": 1504.8748215922803,
            "min": 83.9997,
            "med": 1640.2588
        },
        "http_req_blocked": {
            "avg": 522.6296115666679,
            "min": 289.7673,
            "med": 473.17335,
            "max": 915.5243,
            "p(90)": 810.85401,
            "p(95)": 843.1014299999999
        },
        "http_req_failed": {
            "passes": 1342,
            "fails": 1658,
            "value": 0.44733333333333336
        },
        "data_sent": {
            "count": 3618000,
            "rate": 846307.1581305042
        },
        "data_received": {
            "count": 11521676,
            "rate": 2695101.4020067537
        },
        "http_reqs": {
            "count": 3000,
            "rate": 701.7472289639338
        },
        "http_req_receiving": {
            "avg": 0.18889386666666655,
            "min": 0,
            "med": 0,
            "max": 19.0001,
            "p(90)": 0.5377699999999999,
            "p(95)": 0.9053
        },
        "http_req_connecting": {
            "p(95)": 259.5533,
            "avg": 197.55535333333273,
            "min": 124.0642,
            "med": 183.77845000000002,
            "max": 266.5547,
            "p(90)": 251.552
        },
        "http_req_tls_handshaking": {
            "avg": 324.14577966666707,
            "min": 120.762,
            "med": 262.17375000000004,
            "max": 705.5401,
            "p(90)": 627.7562399999999,
            "p(95)": 664.1121799999999
        },
        "vus": {
            "value": 142,
            "min": 0,
            "max": 3000
        },
        "iteration_duration": {
            "p(95)": 3926.97701,
            "avg": 2791.509088066667,
            "min": 1406.4151,
            "med": 2788.11705,
            "max": 4255.0455,
            "p(90)": 3750.25972
        },
        "http_req_waiting": {
            "p(90)": 2272.0365799999995,
            "p(95)": 2468.5615,
            "avg": 1267.5862639333352,
            "min": 77.0023,
            "med": 1151.1596,
            "max": 2863.6269
        }
    },
    "root_group": {
        "checks": {
            "200 OK": {
                "id": "e9654c443eff553da9e69eda7007924e",
                "passes": 1658,
                "fails": 1342,
                "name": "200 OK",
                "path": "::200 OK"
            },
            "201 Created": {
                "name": "201 Created",
                "path": "::201 Created",
                "id": "728dcd977aae263ca314731145e1d447",
                "passes": 0,
                "fails": 3000
            },
            "204 No Content": {
                "path": "::204 No Content",
                "id": "54fa3c2eda34e1622fda2da5e0479fc5",
                "passes": 0,
                "fails": 3000,
                "name": "204 No Content"
            },
            "400 Bad Request": {
                "name": "400 Bad Request",
                "path": "::400 Bad Request",
                "id": "eeae81934b9b58bccaf0184a6d070338",
                "passes": 0,
                "fails": 3000
            },
            "401 Unauthorized": {
                "id": "6ae9254e6aefe7f0bafe5102fa7e20a5",
                "passes": 0,
                "fails": 3000,
                "name": "401 Unauthorized",
                "path": "::401 Unauthorized"
            },
            "403 Forbidden": {
                "name": "403 Forbidden",
                "path": "::403 Forbidden",
                "id": "655548b761742c5a7ad15aa7df3a5d9c",
                "passes": 0,
                "fails": 3000
            },
            "404 Not Found": {
                "name": "404 Not Found",
                "path": "::404 Not Found",
                "id": "df1528f9925ca236bac51008f77b774a",
                "passes": 0,
                "fails": 3000
            },
            "429 Too Many Requests": {
                "name": "429 Too Many Requests",
                "path": "::429 Too Many Requests",
                "id": "b810c35b9499cc7342fd415032e3a6aa",
                "passes": 0,
                "fails": 3000
            },
            "500 Internal Server Error": {
                "name": "500 Internal Server Error",
                "path": "::500 Internal Server Error",
                "id": "3cd96245b24e869810efe46d533b0eef",
                "passes": 1342,
                "fails": 1658
            },
            "502 Bad Gateway": {
                "name": "502 Bad Gateway",
                "path": "::502 Bad Gateway",
                "id": "712cb0ec189a11f31f0d6d0c0031b569",
                "passes": 0,
                "fails": 3000
            },
            "503 Service Unavailable": {
                "name": "503 Service Unavailable",
                "path": "::503 Service Unavailable",
                "id": "f1ea1a22be0dc738c385523a66ea1cd9",
                "passes": 0,
                "fails": 3000
            },
            "504 Gateway Timeout": {
                "name": "504 Gateway Timeout",
                "path": "::504 Gateway Timeout",
                "id": "218efb729cb654723ccd57c6ebbebe29",
                "passes": 0,
                "fails": 3000
            }
        },
        "name": "",
        "path": "",
        "id": "d41d8cd98f00b204e9800998ecf8427e",
        "groups": {}
    }
}