{
    "metrics": {
        "http_reqs": {
            "count": 1800,
            "rate": 429.71802881751165
        },
        "http_req_duration": {
            "min": 50.9997,
            "med": 1364.2681,
            "max": 2950.7839,
            "p(90)": 2369.4287,
            "p(95)": 2524.32192,
            "avg": 1337.9787023888882
        },
        "vus": {
            "value": 667,
            "min": 0,
            "max": 1800
        },
        "http_req_blocked": {
            "avg": 396.9570542222219,
            "min": 94,
            "med": 343.2486,
            "max": 817.4313,
            "p(90)": 726.5498800000001,
            "p(95)": 774.396405
        },
        "http_req_receiving": {
            "max": 8.0745,
            "p(90)": 0.5222600000000003,
            "p(95)": 0.9976,
            "avg": 0.1436403333333334,
            "min": 0,
            "med": 0
        },
        "checks": {
            "passes": 1800,
            "fails": 19800,
            "value": 0.08333333333333333
        },
        "iterations": {
            "count": 1800,
            "rate": 429.71802881751165
        },
        "http_req_connecting": {
            "avg": 90.9919791666667,
            "min": 2.9976,
            "med": 94.0013,
            "max": 107.5276,
            "p(90)": 100.5302,
            "p(95)": 102.5311
        },
        "http_req_failed": {
            "passes": 0,
            "fails": 1800,
            "value": 0
        },
        "data_sent": {
            "rate": 511794.1723216564,
            "count": 2143800
        },
        "iteration_duration": {
            "avg": 2735.6188779999998,
            "min": 1197.4717,
            "med": 2824.88065,
            "max": 4168.7817,
            "p(90)": 3892.72098,
            "p(95)": 4014.2318099999998
        },
        "http_req_tls_handshaking": {
            "med": 244.2219,
            "max": 733.4532,
            "p(90)": 644.4494,
            "p(95)": 690.53823,
            "avg": 305.41010050000017,
            "min": 32.0032
        },
        "http_req_waiting": {
            "max": 2949.7842,
            "p(90)": 2369.1146000000003,
            "p(95)": 2524.29488,
            "avg": 1337.5499036666647,
            "min": 47.0003,
            "med": 1363.72745
        },
        "http_req_duration{expected_response:true}": {
            "avg": 1337.9787023888882,
            "min": 50.9997,
            "med": 1364.2681,
            "max": 2950.7839,
            "p(90)": 2369.4287,
            "p(95)": 2524.32192
        },
        "http_req_sending": {
            "avg": 0.28515838888888895,
            "min": 0,
            "med": 0,
            "max": 5.9982,
            "p(90)": 1.0001,
            "p(95)": 1.00251
        },
        "vus_max": {
            "value": 1800,
            "min": 969,
            "max": 1800
        },
        "data_received": {
            "count": 6771842,
            "rate": 1616656.997613131
        }
    },
    "root_group": {
        "name": "",
        "path": "",
        "id": "d41d8cd98f00b204e9800998ecf8427e",
        "groups": {},
        "checks": {
                "200 OK": {
                    "fails": 0,
                    "name": "200 OK",
                    "path": "::200 OK",
                    "id": "e9654c443eff553da9e69eda7007924e",
                    "passes": 1800
                },
                "201 Created": {
                    "name": "201 Created",
                    "path": "::201 Created",
                    "id": "728dcd977aae263ca314731145e1d447",
                    "passes": 0,
                    "fails": 1800
                },
                "204 No Content": {
                    "passes": 0,
                    "fails": 1800,
                    "name": "204 No Content",
                    "path": "::204 No Content",
                    "id": "54fa3c2eda34e1622fda2da5e0479fc5"
                },
                "400 Bad Request": {
                    "id": "eeae81934b9b58bccaf0184a6d070338",
                    "passes": 0,
                    "fails": 1800,
                    "name": "400 Bad Request",
                    "path": "::400 Bad Request"
                },
                "401 Unauthorized": {
                    "name": "401 Unauthorized",
                    "path": "::401 Unauthorized",
                    "id": "6ae9254e6aefe7f0bafe5102fa7e20a5",
                    "passes": 0,
                    "fails": 1800
                },
                "403 Forbidden": {
                    "path": "::403 Forbidden",
                    "id": "655548b761742c5a7ad15aa7df3a5d9c",
                    "passes": 0,
                    "fails": 1800,
                    "name": "403 Forbidden"
                },
                "404 Not Found": {
                    "name": "404 Not Found",
                    "path": "::404 Not Found",
                    "id": "df1528f9925ca236bac51008f77b774a",
                    "passes": 0,
                    "fails": 1800
                },
                "429 Too Many Requests": {
                    "id": "b810c35b9499cc7342fd415032e3a6aa",
                    "passes": 0,
                    "fails": 1800,
                    "name": "429 Too Many Requests",
                    "path": "::429 Too Many Requests"
                },
                "500 Internal Server Error": {
                    "name": "500 Internal Server Error",
                    "path": "::500 Internal Server Error",
                    "id": "3cd96245b24e869810efe46d533b0eef",
                    "passes": 0,
                    "fails": 1800
                },
                "502 Bad Gateway": {
                    "name": "502 Bad Gateway",
                    "path": "::502 Bad Gateway",
                    "id": "712cb0ec189a11f31f0d6d0c0031b569",
                    "passes": 0,
                    "fails": 1800
                },
                "503 Service Unavailable": {
                    "id": "f1ea1a22be0dc738c385523a66ea1cd9",
                    "passes": 0,
                    "fails": 1800,
                    "name": "503 Service Unavailable",
                    "path": "::503 Service Unavailable"
                },
                "504 Gateway Timeout": {
                    "name": "504 Gateway Timeout",
                    "path": "::504 Gateway Timeout",
                    "id": "218efb729cb654723ccd57c6ebbebe29",
                    "passes": 0,
                    "fails": 1800
                }
            }
    }
}