{
    "metrics": {
        "http_req_receiving": {
            "avg": 0.1294237916666665,
            "min": 0,
            "med": 0,
            "max": 10.9986,
            "p(90)": 0.51794,
            "p(95)": 0.7374099999999993
        },
        "vus": {
            "value": 595,
            "min": 0,
            "max": 2400
        },
        "http_req_connecting": {
            "med": 194.0402,
            "max": 230.5423,
            "p(90)": 220.0417,
            "p(95)": 221.8694,
            "avg": 190.75283441666716,
            "min": 11.0028
        },
        "checks": {
            "passes": 2400,
            "fails": 26400,
            "value": 0.08333333333333333
        },
        "iterations": {
            "count": 2400,
            "rate": 540.2061237496085
        },
        "http_req_tls_handshaking": {
            "min": 87.3629,
            "med": 188.5359,
            "max": 528.1201,
            "p(90)": 453.1521,
            "p(95)": 495.1445,
            "avg": 241.04279679166677
        },
        "http_req_failed": {
            "passes": 959,
            "fails": 1441,
            "value": 0.39958333333333335
        },
        "http_req_duration{expected_response:true}": {
            "avg": 1732.5910486467749,
            "min": 111.001,
            "med": 1875.0081,
            "max": 3060.9989,
            "p(90)": 2715.2628,
            "p(95)": 2839.9196
        },
        "vus_max": {
            "value": 2400,
            "min": 1041,
            "max": 2400
        },
        "http_req_sending": {
            "avg": 0.2497837916666667,
            "min": 0,
            "med": 0,
            "max": 13.0007,
            "p(90)": 1.0001,
            "p(95)": 1.0018
        },
        "iteration_duration": {
            "min": 1393.2123,
            "med": 2776.6569,
            "max": 4403.052,
            "p(90)": 3984.63905,
            "p(95)": 4144.2448749999985,
            "avg": 2924.0614223333373
        },
        "data_sent": {
            "rate": 643385.4933857837,
            "count": 2858400
        },
        "data_received": {
            "count": 9198961,
            "rate": 2070556.2768057594
        },
        "http_reqs": {
            "count": 2400,
            "rate": 540.2061237496085
        },
        "http_req_duration": {
            "avg": 1490.9522663750033,
            "min": 111.001,
            "med": 1323.3654000000001,
            "max": 3060.9989,
            "p(90)": 2562.14408,
            "p(95)": 2755.77366
        },
        "http_req_blocked": {
            "avg": 432.49596333333386,
            "min": 231.1682,
            "med": 395.0456,
            "max": 723.3403,
            "p(90)": 644.0362799999999,
            "p(95)": 670.7978599999999
        },
        "http_req_waiting": {
            "p(90)": 2562.09234,
            "p(95)": 2755.7713,
            "avg": 1490.57305879167,
            "min": 108.0004,
            "med": 1323.1864500000001,
            "max": 3060.9623
        }
    },
    "root_group": {
        "checks": {
            "200 OK": {
                "name": "200 OK",
                "path": "::200 OK",
                "id": "e9654c443eff553da9e69eda7007924e",
                "passes": 1441,
                "fails": 959
            },
            "201 Created": {
                "name": "201 Created",
                "path": "::201 Created",
                "id": "728dcd977aae263ca314731145e1d447",
                "passes": 0,
                "fails": 2400
            },
            "204 No Content": {
                "name": "204 No Content",
                "path": "::204 No Content",
                "id": "54fa3c2eda34e1622fda2da5e0479fc5",
                "passes": 0,
                "fails": 2400
            },
            "400 Bad Request": {
                "passes": 0,
                "fails": 2400,
                "name": "400 Bad Request",
                "path": "::400 Bad Request",
                "id": "eeae81934b9b58bccaf0184a6d070338"
            },
            "401 Unauthorized": {
                "name": "401 Unauthorized",
                "path": "::401 Unauthorized",
                "id": "6ae9254e6aefe7f0bafe5102fa7e20a5",
                "passes": 0,
                "fails": 2400
            },
            "403 Forbidden": {
                "id": "655548b761742c5a7ad15aa7df3a5d9c",
                "passes": 0,
                "fails": 2400,
                "name": "403 Forbidden",
                "path": "::403 Forbidden"
            },
            "404 Not Found": {
                "id": "df1528f9925ca236bac51008f77b774a",
                "passes": 0,
                "fails": 2400,
                "name": "404 Not Found",
                "path": "::404 Not Found"
            },
            "429 Too Many Requests": {
                "name": "429 Too Many Requests",
                "path": "::429 Too Many Requests",
                "id": "b810c35b9499cc7342fd415032e3a6aa",
                "passes": 0,
                "fails": 2400
            },
            "500 Internal Server Error": {
                "name": "500 Internal Server Error",
                "path": "::500 Internal Server Error",
                "id": "3cd96245b24e869810efe46d533b0eef",
                "passes": 959,
                "fails": 1441
            },
            "502 Bad Gateway": {
                "name": "502 Bad Gateway",
                "path": "::502 Bad Gateway",
                "id": "712cb0ec189a11f31f0d6d0c0031b569",
                "passes": 0,
                "fails": 2400
            },
            "503 Service Unavailable": {
                "name": "503 Service Unavailable",
                "path": "::503 Service Unavailable",
                "id": "f1ea1a22be0dc738c385523a66ea1cd9",
                "passes": 0,
                "fails": 2400
            },
            "504 Gateway Timeout": {
                "name": "504 Gateway Timeout",
                "path": "::504 Gateway Timeout",
                "id": "218efb729cb654723ccd57c6ebbebe29",
                "passes": 0,
                "fails": 2400
            }
        },
        "name": "",
        "path": "",
        "id": "d41d8cd98f00b204e9800998ecf8427e",
        "groups": {}
    }
}