{
    "metrics": {
        "iterations": {
            "count": 6500,
            "rate": 901.8858502504571
        },
        "http_req_duration": {
            "p(90)": 4181.1927000000005,
            "p(95)": 4483.666004999999,
            "avg": 2457.8552547230743,
            "min": 61.8804,
            "med": 2647.4315500000002,
            "max": 5142.1187
        },
        "http_req_failed": {
            "passes": 0,
            "fails": 6500,
            "value": 0
        },
        "checks": {
            "fails": 71500,
            "passes": 6500,
            "value": 0.08333333333333333
        },
        "vus": {
            "value": 1,
            "min": 0,
            "max": 6500
        },
        "http_req_receiving": {
            "p(95)": 1.5313449999999995,
            "avg": 0.350859984615384,
            "min": 0,
            "med": 0,
            "max": 17.0009,
            "p(90)": 1.0002
        },
        "iteration_duration": {
            "p(90)": 6608.61082,
            "p(95)": 6731.658,
            "avg": 4725.875252123077,
            "min": 1585.889,
            "med": 5356.8801,
            "max": 7102.1673
        },
        "http_req_sending": {
            "avg": 0.1835985230769234,
            "min": 0,
            "med": 0,
            "max": 13.0013,
            "p(90)": 0.9976,
            "p(95)": 1.0008
        },
        "data_received": {
            "count": 87262522,
            "rate": 12107820.59214911
        },
        "vus_max": {
            "min": 826,
            "max": 6500,
            "value": 6500
        },
        "http_req_duration{expected_response:true}": {
            "avg": 2457.8552547230743,
            "min": 61.8804,
            "med": 2647.4315500000002,
            "max": 5142.1187,
            "p(90)": 4181.1927000000005,
            "p(95)": 4483.666004999999
        },
        "http_reqs": {
            "count": 6500,
            "rate": 901.8858502504571
        },
        "http_req_blocked": {
            "avg": 1267.2287248153839,
            "min": 499.2584,
            "med": 1098.4787,
            "max": 2323.0036,
            "p(90)": 2101.9245,
            "p(95)": 2167.0618949999994
        },
        "http_req_connecting": {
            "med": 484.6482,
            "max": 618.9653,
            "p(90)": 572.9685,
            "p(95)": 585.9664,
            "avg": 472.3592888000006,
            "min": 160.9432
        },
        "data_sent": {
            "count": 7475000,
            "rate": 1037168.7277880257
        },
        "http_req_waiting": {
            "max": 5142.1187,
            "p(90)": 4181.04356,
            "p(95)": 4483.666004999999,
            "avg": 2457.3207962153842,
            "min": 56.876,
            "med": 2647.16265
        },
        "http_req_tls_handshaking": {
            "avg": 793.6034682461535,
            "min": 33.0021,
            "med": 563.5994000000001,
            "max": 1931.8903,
            "p(90)": 1690.2804,
            "p(95)": 1792.6374149999995
        }
    },
    "root_group": {
        "path": "",
        "id": "d41d8cd98f00b204e9800998ecf8427e",
        "groups": {},
        "checks": {
                "200 OK": {
                    "name": "200 OK",
                    "path": "::200 OK",
                    "id": "e9654c443eff553da9e69eda7007924e",
                    "passes": 6500,
                    "fails": 0
                },
                "201 Created": {
                    "name": "201 Created",
                    "path": "::201 Created",
                    "id": "728dcd977aae263ca314731145e1d447",
                    "passes": 0,
                    "fails": 6500
                },
                "204 No Content": {
                    "name": "204 No Content",
                    "path": "::204 No Content",
                    "id": "54fa3c2eda34e1622fda2da5e0479fc5",
                    "passes": 0,
                    "fails": 6500
                },
                "400 Bad Request": {
                    "id": "eeae81934b9b58bccaf0184a6d070338",
                    "passes": 0,
                    "fails": 6500,
                    "name": "400 Bad Request",
                    "path": "::400 Bad Request"
                },
                "401 Unauthorized": {
                    "name": "401 Unauthorized",
                    "path": "::401 Unauthorized",
                    "id": "6ae9254e6aefe7f0bafe5102fa7e20a5",
                    "passes": 0,
                    "fails": 6500
                },
                "403 Forbidden": {
                    "fails": 6500,
                    "name": "403 Forbidden",
                    "path": "::403 Forbidden",
                    "id": "655548b761742c5a7ad15aa7df3a5d9c",
                    "passes": 0
                },
                "404 Not Found": {
                    "name": "404 Not Found",
                    "path": "::404 Not Found",
                    "id": "df1528f9925ca236bac51008f77b774a",
                    "passes": 0,
                    "fails": 6500
                },
                "429 Too Many Requests": {
                    "id": "b810c35b9499cc7342fd415032e3a6aa",
                    "passes": 0,
                    "fails": 6500,
                    "name": "429 Too Many Requests",
                    "path": "::429 Too Many Requests"
                },
                "500 Internal Server Error": {
                    "path": "::500 Internal Server Error",
                    "id": "3cd96245b24e869810efe46d533b0eef",
                    "passes": 0,
                    "fails": 6500,
                    "name": "500 Internal Server Error"
                },
                "502 Bad Gateway": {
                    "id": "712cb0ec189a11f31f0d6d0c0031b569",
                    "passes": 0,
                    "fails": 6500,
                    "name": "502 Bad Gateway",
                    "path": "::502 Bad Gateway"
                },
                "503 Service Unavailable": {
                    "id": "f1ea1a22be0dc738c385523a66ea1cd9",
                    "passes": 0,
                    "fails": 6500,
                    "name": "503 Service Unavailable",
                    "path": "::503 Service Unavailable"
                },
                "504 Gateway Timeout": {
                    "name": "504 Gateway Timeout",
                    "path": "::504 Gateway Timeout",
                    "id": "218efb729cb654723ccd57c6ebbebe29",
                    "passes": 0,
                    "fails": 6500
                }
            },
        "name": ""
    }
}