{
    "metrics": {
        "http_req_failed": {
            "passes": 91,
            "fails": 5509,
            "value": 0.01625
        },
        "http_req_duration{expected_response:true}": {
            "med": 7187.5554,
            "max": 13226.8214,
            "p(90)": 11558.18406,
            "p(95)": 11989.907639999998,
            "avg": 7073.435866109997,
            "min": 210.3926
        },
        "http_req_receiving": {
            "max": 7.0021,
            "p(90)": 0.5128400000000002,
            "p(95)": 0.7452,
            "avg": 0.09839137500000017,
            "min": 0,
            "med": 0
        },
        "vus_max": {
            "value": 5600,
            "min": 995,
            "max": 5600
        },
        "http_req_duration": {
            "avg": 7090.176681232138,
            "min": 210.3926,
            "med": 7274.9821,
            "max": 13226.8214,
            "p(90)": 11549.85274,
            "p(95)": 11982.632795
        },
        "checks": {
            "passes": 5600,
            "fails": 61600,
            "value": 0.08333333333333333
        },
        "http_reqs": {
            "count": 5600,
            "rate": 374.045451037564
        },
        "http_req_waiting": {
            "avg": 7089.882699785719,
            "min": 209.3921,
            "med": 7274.465,
            "max": 13225.8188,
            "p(90)": 11549.85274,
            "p(95)": 11982.551000000001
        },
        "data_sent": {
            "count": 6434400,
            "rate": 429778.22324216104
        },
        "iteration_duration": {
            "max": 14887.0051,
            "p(90)": 14148.038340000001,
            "p(95)": 14368.552125,
            "avg": 9284.155379482127,
            "min": 2095.3537,
            "med": 9658.277
        },
        "iterations": {
            "count": 5600,
            "rate": 374.045451037564
        },
        "http_req_connecting": {
            "avg": 511.31545408928633,
            "min": 91.4046,
            "med": 519.8661,
            "max": 561.5299,
            "p(90)": 544.822,
            "p(95)": 550.5272
        },
        "data_received": {
            "count": 28617215,
            "rate": 1911453.4093060612
        },
        "vus": {
            "min": 0,
            "max": 5600,
            "value": 733
        },
        "http_req_blocked": {
            "med": 1123.28355,
            "max": 2376.7537,
            "p(90)": 1742.85472,
            "p(95)": 1838.1983000000002,
            "avg": 1193.2146591607138,
            "min": 643.528
        },
        "http_req_tls_handshaking": {
            "max": 1863.2962,
            "p(90)": 1229.8194700000001,
            "p(95)": 1318.83603,
            "avg": 680.8870729464307,
            "min": 211.3406,
            "med": 568.7553
        },
        "http_req_sending": {
            "avg": 0.19559007142857168,
            "min": 0,
            "med": 0,
            "max": 12.0013,
            "p(90)": 0.9983,
            "p(95)": 1.0004
        }
    },
    "root_group": {
        "name": "",
        "path": "",
        "id": "d41d8cd98f00b204e9800998ecf8427e",
        "groups": {},
        "checks": {
                "200 OK": {
                    "id": "e9654c443eff553da9e69eda7007924e",
                    "passes": 5509,
                    "fails": 91,
                    "name": "200 OK",
                    "path": "::200 OK"
                },
                "201 Created": {
                    "id": "728dcd977aae263ca314731145e1d447",
                    "passes": 0,
                    "fails": 5600,
                    "name": "201 Created",
                    "path": "::201 Created"
                },
                "204 No Content": {
                    "name": "204 No Content",
                    "path": "::204 No Content",
                    "id": "54fa3c2eda34e1622fda2da5e0479fc5",
                    "passes": 0,
                    "fails": 5600
                },
                "400 Bad Request": {
                    "name": "400 Bad Request",
                    "path": "::400 Bad Request",
                    "id": "eeae81934b9b58bccaf0184a6d070338",
                    "passes": 0,
                    "fails": 5600
                },
                "401 Unauthorized": {
                    "name": "401 Unauthorized",
                    "path": "::401 Unauthorized",
                    "id": "6ae9254e6aefe7f0bafe5102fa7e20a5",
                    "passes": 0,
                    "fails": 5600
                },
                "403 Forbidden": {
                    "fails": 5600,
                    "name": "403 Forbidden",
                    "path": "::403 Forbidden",
                    "id": "655548b761742c5a7ad15aa7df3a5d9c",
                    "passes": 0
                },
                "404 Not Found": {
                    "name": "404 Not Found",
                    "path": "::404 Not Found",
                    "id": "df1528f9925ca236bac51008f77b774a",
                    "passes": 0,
                    "fails": 5600
                },
                "429 Too Many Requests": {
                    "name": "429 Too Many Requests",
                    "path": "::429 Too Many Requests",
                    "id": "b810c35b9499cc7342fd415032e3a6aa",
                    "passes": 0,
                    "fails": 5600
                },
                "500 Internal Server Error": {
                    "name": "500 Internal Server Error",
                    "path": "::500 Internal Server Error",
                    "id": "3cd96245b24e869810efe46d533b0eef",
                    "passes": 91,
                    "fails": 5509
                },
                "502 Bad Gateway": {
                    "path": "::502 Bad Gateway",
                    "id": "712cb0ec189a11f31f0d6d0c0031b569",
                    "passes": 0,
                    "fails": 5600,
                    "name": "502 Bad Gateway"
                },
                "503 Service Unavailable": {
                    "fails": 5600,
                    "name": "503 Service Unavailable",
                    "path": "::503 Service Unavailable",
                    "id": "f1ea1a22be0dc738c385523a66ea1cd9",
                    "passes": 0
                },
                "504 Gateway Timeout": {
                    "name": "504 Gateway Timeout",
                    "path": "::504 Gateway Timeout",
                    "id": "218efb729cb654723ccd57c6ebbebe29",
                    "passes": 0,
                    "fails": 5600
                }
            }
    }
}