{
    "metrics": {
        "iterations": {
            "count": 5500,
            "rate": 431.6241334174367
        },
        "vus_max": {
            "max": 5500,
            "value": 5500,
            "min": 1010
        },
        "http_req_sending": {
            "med": 0.0503,
            "max": 34.1858,
            "p(90)": 1.2724900000000003,
            "p(95)": 2.0798500000000004,
            "avg": 0.6034916181818182,
            "min": 0
        },
        "http_req_failed": {
            "passes": 470,
            "fails": 5030,
            "value": 0.08545454545454545
        },
        "checks": {
            "passes": 5030,
            "fails": 60970,
            "value": 0.07621212121212122
        },
        "iteration_duration": {
            "p(95)": 12316.241745000001,
            "avg": 7311.663581527249,
            "min": 1253.0828,
            "med": 7321.62245,
            "max": 12636.7635,
            "p(90)": 12058.13928
        },
        "http_req_duration": {
            "med": 4997.30765,
            "max": 10843.9993,
            "p(90)": 9471.67386,
            "p(95)": 9746.03493,
            "avg": 5065.883689872741,
            "min": 0
        },
        "http_req_waiting": {
            "avg": 5064.943977345459,
            "min": 0,
            "med": 4996.825849999999,
            "max": 10843.2947,
            "p(90)": 9470.1179,
            "p(95)": 9745.498985
        },
        "data_sent": {
            "count": 5779470,
            "rate": 453556.13279310416
        },
        "http_req_receiving": {
            "p(95)": 1.0012,
            "avg": 0.336220909090909,
            "min": 0,
            "med": 0,
            "max": 39.4585,
            "p(90)": 0.5289
        },
        "vus": {
            "min": 0,
            "max": 5500,
            "value": 776
        },
        "http_req_blocked": {
            "avg": 1160.4633341272652,
            "min": 0,
            "med": 1251.9099999999999,
            "max": 1897.2522,
            "p(90)": 1713.8162,
            "p(95)": 1785.9414000000002
        },
        "http_req_tls_handshaking": {
            "max": 1460.8379,
            "p(90)": 1300.9739,
            "p(95)": 1347.6592950000002,
            "avg": 857.5564375090914,
            "min": 0,
            "med": 992.7647999999999
        },
        "data_received": {
            "count": 25788994,
            "rate": 2023845.8521740865
        },
        "http_reqs": {
            "count": 5500,
            "rate": 431.6241334174367
        },
        "http_req_connecting": {
            "avg": 323.33756249090914,
            "min": 170.3742,
            "med": 303.99465,
            "max": 467.5811,
            "p(90)": 432.86401,
            "p(95)": 436.2331
        },
        "http_req_duration{expected_response:true}": {
            "avg": 5539.23663902586,
            "min": 488.7589,
            "med": 5261.5251499999995,
            "max": 10843.9993,
            "p(90)": 9518.203570000001,
            "p(95)": 9783.00536
        }
    },
    "root_group": {
        "name": "",
        "path": "",
        "id": "d41d8cd98f00b204e9800998ecf8427e",
        "groups": {},
        "checks": {
                "200 OK": {
                    "name": "200 OK",
                    "path": "::200 OK",
                    "id": "e9654c443eff553da9e69eda7007924e",
                    "passes": 5030,
                    "fails": 470
                },
                "201 Created": {
                    "fails": 5500,
                    "name": "201 Created",
                    "path": "::201 Created",
                    "id": "728dcd977aae263ca314731145e1d447",
                    "passes": 0
                },
                "204 No Content": {
                    "name": "204 No Content",
                    "path": "::204 No Content",
                    "id": "54fa3c2eda34e1622fda2da5e0479fc5",
                    "passes": 0,
                    "fails": 5500
                },
                "400 Bad Request": {
                    "name": "400 Bad Request",
                    "path": "::400 Bad Request",
                    "id": "eeae81934b9b58bccaf0184a6d070338",
                    "passes": 0,
                    "fails": 5500
                },
                "401 Unauthorized": {
                    "name": "401 Unauthorized",
                    "path": "::401 Unauthorized",
                    "id": "6ae9254e6aefe7f0bafe5102fa7e20a5",
                    "passes": 0,
                    "fails": 5500
                },
                "403 Forbidden": {
                    "name": "403 Forbidden",
                    "path": "::403 Forbidden",
                    "id": "655548b761742c5a7ad15aa7df3a5d9c",
                    "passes": 0,
                    "fails": 5500
                },
                "404 Not Found": {
                    "path": "::404 Not Found",
                    "id": "df1528f9925ca236bac51008f77b774a",
                    "passes": 0,
                    "fails": 5500,
                    "name": "404 Not Found"
                },
                "429 Too Many Requests": {
                    "name": "429 Too Many Requests",
                    "path": "::429 Too Many Requests",
                    "id": "b810c35b9499cc7342fd415032e3a6aa",
                    "passes": 0,
                    "fails": 5500
                },
                "500 Internal Server Error": {
                    "name": "500 Internal Server Error",
                    "path": "::500 Internal Server Error",
                    "id": "3cd96245b24e869810efe46d533b0eef",
                    "passes": 0,
                    "fails": 5500
                },
                "502 Bad Gateway": {
                    "name": "502 Bad Gateway",
                    "path": "::502 Bad Gateway",
                    "id": "712cb0ec189a11f31f0d6d0c0031b569",
                    "passes": 0,
                    "fails": 5500
                },
                "503 Service Unavailable": {
                    "name": "503 Service Unavailable",
                    "path": "::503 Service Unavailable",
                    "id": "f1ea1a22be0dc738c385523a66ea1cd9",
                    "passes": 0,
                    "fails": 5500
                },
                "504 Gateway Timeout": {
                    "name": "504 Gateway Timeout",
                    "path": "::504 Gateway Timeout",
                    "id": "218efb729cb654723ccd57c6ebbebe29",
                    "passes": 0,
                    "fails": 5500
                }
            }
    }
}