{
    "metrics": {
        "http_req_duration{expected_response:true}": {
            "avg": 771.1424312252965,
            "min": 4.9962,
            "med": 932.1623,
            "max": 1698.5614,
            "p(90)": 1193.96632,
            "p(95)": 1272.4174799999998
        },
        "iteration_duration": {
            "p(95)": 3023.729405,
            "avg": 2410.6169731111095,
            "min": 1161.1639,
            "med": 2685.63385,
            "max": 3137.7903,
            "p(90)": 2955.26833
        },
        "http_req_failed": {
            "passes": 311,
            "fails": 3289,
            "value": 0.08638888888888889
        },
        "http_req_duration": {
            "avg": 704.5242934166668,
            "min": 0,
            "med": 881.9575,
            "max": 1698.5614,
            "p(90)": 1189.0802099999999,
            "p(95)": 1254.80918
        },
        "http_req_sending": {
            "med": 0,
            "max": 42.8246,
            "p(90)": 1.00071,
            "p(95)": 1.0162,
            "avg": 0.3740646666666666,
            "min": 0
        },
        "vus": {
            "value": 197,
            "min": 0,
            "max": 3600
        },
        "http_req_receiving": {
            "min": 0,
            "med": 0,
            "max": 33.8248,
            "p(90)": 2.0163499999999996,
            "p(95)": 3.052579999999999,
            "avg": 0.7653806944444466
        },
        "checks": {
            "passes": 3289,
            "fails": 39911,
            "value": 0.07613425925925926
        },
        "data_sent": {
            "count": 3795506,
            "rate": 1197193.874099058
        },
        "iterations": {
            "count": 3600,
            "rate": 1135.526579791103
        },
        "http_req_blocked": {
            "max": 1243.9993,
            "p(90)": 1077.07656,
            "p(95)": 1145.1445250000002,
            "avg": 637.3417307777769,
            "min": 0,
            "med": 599.8243
        },
        "http_req_connecting": {
            "min": 151.3592,
            "med": 184.3143,
            "max": 264.5312,
            "p(90)": 238.1975,
            "p(95)": 246.54985,
            "avg": 191.97356166666677
        },
        "vus_max": {
            "value": 3600,
            "min": 1132,
            "max": 3600
        },
        "http_req_tls_handshaking": {
            "avg": 460.99783744444517,
            "min": 0,
            "med": 436.1201,
            "max": 972.5059,
            "p(90)": 851.47471,
            "p(95)": 913.4457949999999
        },
        "http_req_waiting": {
            "avg": 703.3848480555563,
            "min": 0,
            "med": 881.8023499999999,
            "max": 1697.7126,
            "p(90)": 1187.51644,
            "p(95)": 1253.8529099999998
        },
        "data_received": {
            "count": 14490025,
            "rate": 4570502.369260438
        },
        "http_reqs": {
            "count": 3600,
            "rate": 1135.526579791103
        }
    },
    "root_group": {
        "id": "d41d8cd98f00b204e9800998ecf8427e",
        "groups": {},
        "checks": {
                "200 OK": {
                    "id": "e9654c443eff553da9e69eda7007924e",
                    "passes": 3289,
                    "fails": 311,
                    "name": "200 OK",
                    "path": "::200 OK"
                },
                "201 Created": {
                    "name": "201 Created",
                    "path": "::201 Created",
                    "id": "728dcd977aae263ca314731145e1d447",
                    "passes": 0,
                    "fails": 3600
                },
                "204 No Content": {
                    "name": "204 No Content",
                    "path": "::204 No Content",
                    "id": "54fa3c2eda34e1622fda2da5e0479fc5",
                    "passes": 0,
                    "fails": 3600
                },
                "400 Bad Request": {
                    "passes": 0,
                    "fails": 3600,
                    "name": "400 Bad Request",
                    "path": "::400 Bad Request",
                    "id": "eeae81934b9b58bccaf0184a6d070338"
                },
                "401 Unauthorized": {
                    "passes": 0,
                    "fails": 3600,
                    "name": "401 Unauthorized",
                    "path": "::401 Unauthorized",
                    "id": "6ae9254e6aefe7f0bafe5102fa7e20a5"
                },
                "403 Forbidden": {
                    "name": "403 Forbidden",
                    "path": "::403 Forbidden",
                    "id": "655548b761742c5a7ad15aa7df3a5d9c",
                    "passes": 0,
                    "fails": 3600
                },
                "404 Not Found": {
                    "name": "404 Not Found",
                    "path": "::404 Not Found",
                    "id": "df1528f9925ca236bac51008f77b774a",
                    "passes": 0,
                    "fails": 3600
                },
                "429 Too Many Requests": {
                    "name": "429 Too Many Requests",
                    "path": "::429 Too Many Requests",
                    "id": "b810c35b9499cc7342fd415032e3a6aa",
                    "passes": 0,
                    "fails": 3600
                },
                "500 Internal Server Error": {
                    "name": "500 Internal Server Error",
                    "path": "::500 Internal Server Error",
                    "id": "3cd96245b24e869810efe46d533b0eef",
                    "passes": 0,
                    "fails": 3600
                },
                "502 Bad Gateway": {
                    "name": "502 Bad Gateway",
                    "path": "::502 Bad Gateway",
                    "id": "712cb0ec189a11f31f0d6d0c0031b569",
                    "passes": 0,
                    "fails": 3600
                },
                "503 Service Unavailable": {
                    "name": "503 Service Unavailable",
                    "path": "::503 Service Unavailable",
                    "id": "f1ea1a22be0dc738c385523a66ea1cd9",
                    "passes": 0,
                    "fails": 3600
                },
                "504 Gateway Timeout": {
                    "name": "504 Gateway Timeout",
                    "path": "::504 Gateway Timeout",
                    "id": "218efb729cb654723ccd57c6ebbebe29",
                    "passes": 0,
                    "fails": 3600
                }
            },
        "name": "",
        "path": ""
    }
}