{
    "metrics": {
        "checks": {
            "passes": 9957,
            "fails": 110043,
            "value": 0.082975
        },
        "http_req_sending": {
            "avg": 0.2043276800000006,
            "min": 0,
            "med": 0,
            "max": 35.9998,
            "p(90)": 0.998,
            "p(95)": 1.0008
        },
        "data_received": {
            "count": 37558024,
            "rate": 4342202.220013343
        },
        "http_req_duration{expected_response:true}": {
            "avg": 1958.6205955307878,
            "min": 40.463,
            "med": 2484.1301,
            "max": 6369.4367,
            "p(90)": 3354.0854,
            "p(95)": 3696.473419999999
        },
        "http_req_failed": {
            "passes": 43,
            "fails": 9957,
            "value": 0.0043
        },
        "http_req_waiting": {
            "p(95)": 3693.0708849999996,
            "avg": 1949.4945626899976,
            "min": 0,
            "med": 2480.2367,
            "max": 6369.4367,
            "p(90)": 3352.92149
        },
        "data_sent": {
            "rate": 1251311.284576084,
            "count": 10823259
        },
        "http_reqs": {
            "rate": 1156.1317017139513,
            "count": 10000
        },
        "iterations": {
            "count": 10000,
            "rate": 1156.1317017139513
        },
        "http_req_tls_handshaking": {
            "p(95)": 2408.0238949999994,
            "avg": 1138.7333834299934,
            "min": 0,
            "med": 809.914,
            "max": 2623.382,
            "p(90)": 2214.2034600000006
        },
        "vus": {
            "value": 2,
            "min": 0,
            "max": 10000
        },
        "vus_max": {
            "value": 10000,
            "min": 960,
            "max": 10000
        },
        "http_req_blocked": {
            "avg": 1711.5612226600047,
            "min": 0,
            "med": 1359.673,
            "max": 3248.7801,
            "p(90)": 2841.3280200000004,
            "p(95)": 3037.1700299999998
        },
        "http_req_connecting": {
            "p(95)": 631.1976,
            "avg": 574.6588760699946,
            "min": 17.9967,
            "med": 583.8258,
            "max": 650.1976,
            "p(90)": 628.19471
        },
        "iteration_duration": {
            "max": 8584.4714,
            "p(90)": 6584.614350000001,
            "p(95)": 6687.04108,
            "avg": 4664.938949510015,
            "min": 1548.6635,
            "med": 5614.1264
        },
        "http_req_duration": {
            "med": 2480.2367,
            "max": 6369.4367,
            "p(90)": 3353.1433500000003,
            "p(95)": 3694.532735,
            "avg": 1950.1985269700053,
            "min": 0
        },
        "http_req_receiving": {
            "avg": 0.499636600000001,
            "min": 0,
            "med": 0,
            "max": 37.3883,
            "p(90)": 1.0179,
            "p(95)": 2.0009
        }
    },
    "root_group": {
        "name": "",
        "path": "",
        "id": "d41d8cd98f00b204e9800998ecf8427e",
        "groups": {},
        "checks": {
                "200 OK": {
                    "name": "200 OK",
                    "path": "::200 OK",
                    "id": "e9654c443eff553da9e69eda7007924e",
                    "passes": 9957,
                    "fails": 43
                },
                "201 Created": {
                    "name": "201 Created",
                    "path": "::201 Created",
                    "id": "728dcd977aae263ca314731145e1d447",
                    "passes": 0,
                    "fails": 10000
                },
                "204 No Content": {
                    "fails": 10000,
                    "name": "204 No Content",
                    "path": "::204 No Content",
                    "id": "54fa3c2eda34e1622fda2da5e0479fc5",
                    "passes": 0
                },
                "400 Bad Request": {
                    "id": "eeae81934b9b58bccaf0184a6d070338",
                    "passes": 0,
                    "fails": 10000,
                    "name": "400 Bad Request",
                    "path": "::400 Bad Request"
                },
                "401 Unauthorized": {
                    "path": "::401 Unauthorized",
                    "id": "6ae9254e6aefe7f0bafe5102fa7e20a5",
                    "passes": 0,
                    "fails": 10000,
                    "name": "401 Unauthorized"
                },
                "403 Forbidden": {
                    "id": "655548b761742c5a7ad15aa7df3a5d9c",
                    "passes": 0,
                    "fails": 10000,
                    "name": "403 Forbidden",
                    "path": "::403 Forbidden"
                },
                "404 Not Found": {
                    "fails": 10000,
                    "name": "404 Not Found",
                    "path": "::404 Not Found",
                    "id": "df1528f9925ca236bac51008f77b774a",
                    "passes": 0
                },
                "429 Too Many Requests": {
                    "path": "::429 Too Many Requests",
                    "id": "b810c35b9499cc7342fd415032e3a6aa",
                    "passes": 0,
                    "fails": 10000,
                    "name": "429 Too Many Requests"
                },
                "500 Internal Server Error": {
                    "id": "3cd96245b24e869810efe46d533b0eef",
                    "passes": 0,
                    "fails": 10000,
                    "name": "500 Internal Server Error",
                    "path": "::500 Internal Server Error"
                },
                "502 Bad Gateway": {
                    "name": "502 Bad Gateway",
                    "path": "::502 Bad Gateway",
                    "id": "712cb0ec189a11f31f0d6d0c0031b569",
                    "passes": 0,
                    "fails": 10000
                },
                "503 Service Unavailable": {
                    "name": "503 Service Unavailable",
                    "path": "::503 Service Unavailable",
                    "id": "f1ea1a22be0dc738c385523a66ea1cd9",
                    "passes": 0,
                    "fails": 10000
                },
                "504 Gateway Timeout": {
                    "name": "504 Gateway Timeout",
                    "path": "::504 Gateway Timeout",
                    "id": "218efb729cb654723ccd57c6ebbebe29",
                    "passes": 0,
                    "fails": 10000
                }
            }
    }
}