{
    "metrics": {
        "http_req_tls_handshaking": {
            "avg": 1346.5987652571346,
            "min": 0,
            "med": 1211.26285,
            "max": 2428.5567,
            "p(90)": 1892.7251,
            "p(95)": 1934.596305
        },
        "http_req_receiving": {
            "p(95)": 8.999234999999999,
            "avg": 2.4962352285714404,
            "min": 0,
            "med": 0.9989,
            "max": 1234.4668,
            "p(90)": 4.9989
        },
        "http_req_duration{expected_response:true}": {
            "avg": 2037.607627899261,
            "min": 20.9989,
            "med": 2140.5134,
            "max": 4916.7636,
            "p(90)": 3368.5641,
            "p(95)": 3666.6651
        },
        "http_req_connecting": {
            "p(95)": 812.8214,
            "avg": 532.8135603999981,
            "min": 256.1831,
            "med": 490.4729,
            "max": 928.8597,
            "p(90)": 743.0946
        },
        "vus": {
            "max": 7000,
            "value": 919,
            "min": 0
        },
        "http_reqs": {
            "count": 7000,
            "rate": 994.2109793246584
        },
        "http_req_duration": {
            "avg": 1930.1965972285711,
            "min": 0,
            "med": 1957.0099,
            "max": 4916.7636,
            "p(90)": 3341.07635,
            "p(95)": 3652.3345699999995
        },
        "data_received": {
            "count": 89034045,
            "rate": 12645517.86752653
        },
        "iteration_duration": {
            "avg": 4843.065632428569,
            "min": 1403.8128,
            "med": 5129.99235,
            "max": 7035.7439,
            "p(90)": 6442.92962,
            "p(95)": 6557.68357
        },
        "vus_max": {
            "max": 7000,
            "value": 7000,
            "min": 830
        },
        "data_sent": {
            "count": 7625650,
            "rate": 1083072.1363552972
        },
        "http_req_sending": {
            "med": 0,
            "max": 35.3073,
            "p(90)": 1.5572000000000048,
            "p(95)": 2.0034,
            "avg": 0.6181434714285725,
            "min": 0
        },
        "http_req_waiting": {
            "avg": 1927.082218528573,
            "min": 0,
            "med": 1955.52625,
            "max": 4915.6942,
            "p(90)": 3337.56198,
            "p(95)": 3646.5834049999994
        },
        "checks": {
            "passes": 6631,
            "fails": 77369,
            "value": 0.07894047619047619
        },
        "iterations": {
            "count": 7000,
            "rate": 994.2109793246584
        },
        "http_req_failed": {
            "fails": 6631,
            "passes": 369,
            "value": 0.052714285714285714
        },
        "http_req_blocked": {
            "avg": 1861.6335330428537,
            "min": 0,
            "med": 1908.4425,
            "max": 3068.4057,
            "p(90)": 2487.2160599999997,
            "p(95)": 2557.3185
        }
    },
    "root_group": {
        "name": "",
        "path": "",
        "id": "d41d8cd98f00b204e9800998ecf8427e",
        "groups": {},
        "checks": {
                "200 OK": {
                    "path": "::200 OK",
                    "id": "e9654c443eff553da9e69eda7007924e",
                    "passes": 6631,
                    "fails": 369,
                    "name": "200 OK"
                },
                "201 Created": {
                    "name": "201 Created",
                    "path": "::201 Created",
                    "id": "728dcd977aae263ca314731145e1d447",
                    "passes": 0,
                    "fails": 7000
                },
                "204 No Content": {
                    "name": "204 No Content",
                    "path": "::204 No Content",
                    "id": "54fa3c2eda34e1622fda2da5e0479fc5",
                    "passes": 0,
                    "fails": 7000
                },
                "400 Bad Request": {
                    "passes": 0,
                    "fails": 7000,
                    "name": "400 Bad Request",
                    "path": "::400 Bad Request",
                    "id": "eeae81934b9b58bccaf0184a6d070338"
                },
                "401 Unauthorized": {
                    "name": "401 Unauthorized",
                    "path": "::401 Unauthorized",
                    "id": "6ae9254e6aefe7f0bafe5102fa7e20a5",
                    "passes": 0,
                    "fails": 7000
                },
                "403 Forbidden": {
                    "id": "655548b761742c5a7ad15aa7df3a5d9c",
                    "passes": 0,
                    "fails": 7000,
                    "name": "403 Forbidden",
                    "path": "::403 Forbidden"
                },
                "404 Not Found": {
                    "id": "df1528f9925ca236bac51008f77b774a",
                    "passes": 0,
                    "fails": 7000,
                    "name": "404 Not Found",
                    "path": "::404 Not Found"
                },
                "429 Too Many Requests": {
                    "id": "b810c35b9499cc7342fd415032e3a6aa",
                    "passes": 0,
                    "fails": 7000,
                    "name": "429 Too Many Requests",
                    "path": "::429 Too Many Requests"
                },
                "500 Internal Server Error": {
                    "fails": 7000,
                    "name": "500 Internal Server Error",
                    "path": "::500 Internal Server Error",
                    "id": "3cd96245b24e869810efe46d533b0eef",
                    "passes": 0
                },
                "502 Bad Gateway": {
                    "fails": 7000,
                    "name": "502 Bad Gateway",
                    "path": "::502 Bad Gateway",
                    "id": "712cb0ec189a11f31f0d6d0c0031b569",
                    "passes": 0
                },
                "503 Service Unavailable": {
                    "name": "503 Service Unavailable",
                    "path": "::503 Service Unavailable",
                    "id": "f1ea1a22be0dc738c385523a66ea1cd9",
                    "passes": 0,
                    "fails": 7000
                },
                "504 Gateway Timeout": {
                    "path": "::504 Gateway Timeout",
                    "id": "218efb729cb654723ccd57c6ebbebe29",
                    "passes": 0,
                    "fails": 7000,
                    "name": "504 Gateway Timeout"
                }
            }
    }
}