{
    "metrics": {
        "http_req_tls_handshaking": {
            "p(95)": 1021.589985,
            "avg": 525.6047267857127,
            "min": 0,
            "med": 518.5904,
            "max": 1085.2137,
            "p(90)": 960.3665199999999
        },
        "vus_max": {
            "value": 4200,
            "min": 1142,
            "max": 4200
        },
        "data_received": {
            "count": 20051944,
            "rate": 1843393.2658758482
        },
        "iteration_duration": {
            "med": 6517.2967499999995,
            "max": 10861.7023,
            "p(90)": 10135.11621,
            "p(95)": 10434.81671,
            "avg": 6376.271849738101,
            "min": 1192.7724
        },
        "http_req_sending": {
            "avg": 0.3206960714285717,
            "min": 0,
            "med": 0,
            "max": 33.344,
            "p(90)": 1,
            "p(95)": 1.014105
        },
        "http_req_receiving": {
            "p(95)": 0.5729899999999989,
            "avg": 0.10802059523809515,
            "min": 0,
            "med": 0,
            "max": 27.959,
            "p(90)": 0.0539
        },
        "checks": {
            "passes": 3911,
            "fails": 46489,
            "value": 0.07759920634920635
        },
        "http_reqs": {
            "rate": 386.10978150939195,
            "count": 4200
        },
        "data_sent": {
            "count": 4493739,
            "rate": 413113.4722500556
        },
        "http_req_blocked": {
            "p(90)": 1202.5302399999998,
            "p(95)": 1286.8295,
            "avg": 728.4221932619064,
            "min": 0,
            "med": 711.9464,
            "max": 1369.6418
        },
        "http_req_failed": {
            "passes": 289,
            "fails": 3911,
            "value": 0.0688095238095238
        },
        "http_req_connecting": {
            "min": 151.2128,
            "med": 194.6476,
            "max": 290.1386,
            "p(90)": 268.0227,
            "p(95)": 271.8941,
            "avg": 215.2661068571433
        },
        "http_req_waiting": {
            "p(95)": 8475.623335,
            "avg": 4594.263584666658,
            "min": 0,
            "med": 4787.74255,
            "max": 9285.2431,
            "p(90)": 8182.05505
        },
        "http_req_duration{expected_response:true}": {
            "p(90)": 8214.2842,
            "p(95)": 8488.71685,
            "avg": 4934.213159192017,
            "min": 235.0843,
            "med": 5096.6525,
            "max": 9285.2431
        },
        "iterations": {
            "count": 4200,
            "rate": 386.10978150939195
        },
        "vus": {
            "max": 4200,
            "value": 115,
            "min": 0
        },
        "http_req_duration": {
            "p(90)": 8182.555539999999,
            "p(95)": 8475.842185000001,
            "avg": 4594.692301333328,
            "min": 0,
            "med": 4788.04725,
            "max": 9285.2431
        }
    },
    "root_group": {
        "name": "",
        "path": "",
        "id": "d41d8cd98f00b204e9800998ecf8427e",
        "groups": {},
        "checks": {
                "200 OK": {
                    "path": "::200 OK",
                    "id": "e9654c443eff553da9e69eda7007924e",
                    "passes": 3911,
                    "fails": 289,
                    "name": "200 OK"
                },
                "201 Created": {
                    "fails": 4200,
                    "name": "201 Created",
                    "path": "::201 Created",
                    "id": "728dcd977aae263ca314731145e1d447",
                    "passes": 0
                },
                "204 No Content": {
                    "name": "204 No Content",
                    "path": "::204 No Content",
                    "id": "54fa3c2eda34e1622fda2da5e0479fc5",
                    "passes": 0,
                    "fails": 4200
                },
                "400 Bad Request": {
                    "name": "400 Bad Request",
                    "path": "::400 Bad Request",
                    "id": "eeae81934b9b58bccaf0184a6d070338",
                    "passes": 0,
                    "fails": 4200
                },
                "401 Unauthorized": {
                    "name": "401 Unauthorized",
                    "path": "::401 Unauthorized",
                    "id": "6ae9254e6aefe7f0bafe5102fa7e20a5",
                    "passes": 0,
                    "fails": 4200
                },
                "403 Forbidden": {
                    "fails": 4200,
                    "name": "403 Forbidden",
                    "path": "::403 Forbidden",
                    "id": "655548b761742c5a7ad15aa7df3a5d9c",
                    "passes": 0
                },
                "404 Not Found": {
                    "path": "::404 Not Found",
                    "id": "df1528f9925ca236bac51008f77b774a",
                    "passes": 0,
                    "fails": 4200,
                    "name": "404 Not Found"
                },
                "429 Too Many Requests": {
                    "fails": 4200,
                    "name": "429 Too Many Requests",
                    "path": "::429 Too Many Requests",
                    "id": "b810c35b9499cc7342fd415032e3a6aa",
                    "passes": 0
                },
                "500 Internal Server Error": {
                    "passes": 0,
                    "fails": 4200,
                    "name": "500 Internal Server Error",
                    "path": "::500 Internal Server Error",
                    "id": "3cd96245b24e869810efe46d533b0eef"
                },
                "502 Bad Gateway": {
                    "path": "::502 Bad Gateway",
                    "id": "712cb0ec189a11f31f0d6d0c0031b569",
                    "passes": 0,
                    "fails": 4200,
                    "name": "502 Bad Gateway"
                },
                "503 Service Unavailable": {
                    "id": "f1ea1a22be0dc738c385523a66ea1cd9",
                    "passes": 0,
                    "fails": 4200,
                    "name": "503 Service Unavailable",
                    "path": "::503 Service Unavailable"
                },
                "504 Gateway Timeout": {
                    "name": "504 Gateway Timeout",
                    "path": "::504 Gateway Timeout",
                    "id": "218efb729cb654723ccd57c6ebbebe29",
                    "passes": 0,
                    "fails": 4200
                }
            }
    }
}