{
    "metrics": {
        "data_sent": {
            "count": 9565600,
            "rate": 1525546.589870062
        },
        "http_req_blocked": {
            "avg": 1680.9334815454508,
            "min": 845.8808,
            "med": 1620.98675,
            "max": 2475.3746,
            "p(90)": 2298.6897900000004,
            "p(95)": 2367.871635
        },
        "http_req_sending": {
            "min": 0,
            "med": 0,
            "max": 26.9177,
            "p(90)": 0.9993,
            "p(95)": 1.0007,
            "avg": 0.20375255681818136
        },
        "http_req_receiving": {
            "med": 0,
            "max": 21.9995,
            "p(90)": 0.9995,
            "p(95)": 1.1454,
            "avg": 0.25172588636363624,
            "min": 0
        },
        "vus": {
            "max": 8800,
            "value": 1021,
            "min": 0
        },
        "checks": {
            "passes": 8800,
            "fails": 96800,
            "value": 0.08333333333333333
        },
        "data_received": {
            "count": 33194062,
            "rate": 5293874.726941897
        },
        "http_reqs": {
            "count": 8800,
            "rate": 1403.4467248114645
        },
        "vus_max": {
            "value": 8800,
            "min": 945,
            "max": 8800
        },
        "iteration_duration": {
            "max": 6183.7712,
            "p(90)": 5395.198560000001,
            "p(95)": 5681.294785,
            "avg": 4206.741823534077,
            "min": 2314.4123,
            "med": 4862.1858
        },
        "iterations": {
            "count": 8800,
            "rate": 1403.4467248114645
        },
        "http_req_connecting": {
            "avg": 813.5966021022701,
            "min": 89.0006,
            "med": 838.0175,
            "max": 865.1342,
            "p(90)": 851.1334300000001,
            "p(95)": 853.1338
        },
        "http_req_waiting": {
            "avg": 1524.7321512386366,
            "min": 150.0012,
            "med": 1798.3739500000001,
            "max": 3550.9447,
            "p(90)": 2424.1414200000004,
            "p(95)": 2770.5200649999992
        },
        "http_req_failed": {
            "passes": 0,
            "fails": 8800,
            "value": 0
        },
        "http_req_duration": {
            "p(95)": 2770.5200649999992,
            "avg": 1525.1876296818202,
            "min": 151.9977,
            "med": 1798.64175,
            "max": 3551.9441,
            "p(90)": 2424.65351
        },
        "http_req_duration{expected_response:true}": {
            "avg": 1525.1876296818202,
            "min": 151.9977,
            "med": 1798.64175,
            "max": 3551.9441,
            "p(90)": 2424.65351,
            "p(95)": 2770.5200649999992
        },
        "http_req_tls_handshaking": {
            "avg": 866.3560107613611,
            "min": 8.9965,
            "med": 801.3366,
            "max": 1697.3185,
            "p(90)": 1465.0106500000002,
            "p(95)": 1542.86378
        }
    },
    "root_group": {
        "name": "",
        "path": "",
        "id": "d41d8cd98f00b204e9800998ecf8427e",
        "groups": {},
        "checks": {
                "200 OK": {
                    "id": "e9654c443eff553da9e69eda7007924e",
                    "passes": 8800,
                    "fails": 0,
                    "name": "200 OK",
                    "path": "::200 OK"
                },
                "201 Created": {
                    "name": "201 Created",
                    "path": "::201 Created",
                    "id": "728dcd977aae263ca314731145e1d447",
                    "passes": 0,
                    "fails": 8800
                },
                "204 No Content": {
                    "id": "54fa3c2eda34e1622fda2da5e0479fc5",
                    "passes": 0,
                    "fails": 8800,
                    "name": "204 No Content",
                    "path": "::204 No Content"
                },
                "400 Bad Request": {
                    "name": "400 Bad Request",
                    "path": "::400 Bad Request",
                    "id": "eeae81934b9b58bccaf0184a6d070338",
                    "passes": 0,
                    "fails": 8800
                },
                "401 Unauthorized": {
                    "name": "401 Unauthorized",
                    "path": "::401 Unauthorized",
                    "id": "6ae9254e6aefe7f0bafe5102fa7e20a5",
                    "passes": 0,
                    "fails": 8800
                },
                "403 Forbidden": {
                    "path": "::403 Forbidden",
                    "id": "655548b761742c5a7ad15aa7df3a5d9c",
                    "passes": 0,
                    "fails": 8800,
                    "name": "403 Forbidden"
                },
                "404 Not Found": {
                    "fails": 8800,
                    "name": "404 Not Found",
                    "path": "::404 Not Found",
                    "id": "df1528f9925ca236bac51008f77b774a",
                    "passes": 0
                },
                "429 Too Many Requests": {
                    "id": "b810c35b9499cc7342fd415032e3a6aa",
                    "passes": 0,
                    "fails": 8800,
                    "name": "429 Too Many Requests",
                    "path": "::429 Too Many Requests"
                },
                "500 Internal Server Error": {
                    "passes": 0,
                    "fails": 8800,
                    "name": "500 Internal Server Error",
                    "path": "::500 Internal Server Error",
                    "id": "3cd96245b24e869810efe46d533b0eef"
                },
                "502 Bad Gateway": {
                    "id": "712cb0ec189a11f31f0d6d0c0031b569",
                    "passes": 0,
                    "fails": 8800,
                    "name": "502 Bad Gateway",
                    "path": "::502 Bad Gateway"
                },
                "503 Service Unavailable": {
                    "name": "503 Service Unavailable",
                    "path": "::503 Service Unavailable",
                    "id": "f1ea1a22be0dc738c385523a66ea1cd9",
                    "passes": 0,
                    "fails": 8800
                },
                "504 Gateway Timeout": {
                    "name": "504 Gateway Timeout",
                    "path": "::504 Gateway Timeout",
                    "id": "218efb729cb654723ccd57c6ebbebe29",
                    "passes": 0,
                    "fails": 8800
                }
            }
    }
}